Employee_ID,Date,Present,Work_Hours,Overtime_Hours,Leave_Type,Month,Day,Week_number,Attendance_status
EMP001,2025-01-01,No,0,0,Casual,Jan,Wed,1,Absent
EMP001,2025-01-02,No,0,0,Sick,Jan,Thu,1,Absent
EMP001,2025-01-03,Yes,10,1,None,Jan,Fri,1,Present
EMP001,2025-01-04,Yes,10,2,None,Jan,Sat,1,Present
EMP001,2025-01-05,Yes,9,2,None,Jan,Sun,2,Present
EMP001,2025-01-06,Yes,9,2,None,Jan,Mon,2,Present
EMP001,2025-01-07,Yes,8,0,None,Jan,Tue,2,Present
EMP001,2025-01-08,Yes,9,2,None,Jan,Wed,2,Present
EMP001,2025-01-09,Yes,10,0,None,Jan,Thu,2,Present
EMP001,2025-01-10,No,0,0,Paid,Jan,Fri,2,Absent
EMP001,2025-01-11,Yes,9,2,None,Jan,Sat,2,Present
EMP001,2025-01-12,Yes,8,1,None,Jan,Sun,3,Present
EMP001,2025-01-13,Yes,9,1,None,Jan,Mon,3,Present
EMP001,2025-01-14,Yes,9,2,None,Jan,Tue,3,Present
EMP001,2025-01-15,Yes,10,2,None,Jan,Wed,3,Present
EMP001,2025-01-16,Yes,9,0,None,Jan,Thu,3,Present
EMP001,2025-01-17,Yes,9,1,None,Jan,Fri,3,Present
EMP001,2025-01-18,Yes,10,2,None,Jan,Sat,3,Present
EMP001,2025-01-19,Yes,9,0,None,Jan,Sun,4,Present
EMP001,2025-01-20,Yes,8,1,None,Jan,Mon,4,Present
EMP001,2025-01-21,Yes,10,2,None,Jan,Tue,4,Present
EMP001,2025-01-22,Yes,8,2,None,Jan,Wed,4,Present
EMP001,2025-01-23,Yes,8,1,None,Jan,Thu,4,Present
EMP001,2025-01-24,Yes,10,1,None,Jan,Fri,4,Present
EMP001,2025-01-25,Yes,10,2,None,Jan,Sat,4,Present
EMP001,2025-01-26,Yes,10,2,None,Jan,Sun,5,Present
EMP001,2025-01-27,Yes,8,2,None,Jan,Mon,5,Present
EMP001,2025-01-28,Yes,10,1,None,Jan,Tue,5,Present
EMP001,2025-01-29,No,0,0,Casual,Jan,Wed,5,Absent
EMP001,2025-01-30,Yes,8,1,None,Jan,Thu,5,Present
EMP002,2025-01-01,Yes,9,0,None,Jan,Wed,1,Present
EMP002,2025-01-02,Yes,8,0,None,Jan,Thu,1,Present
EMP002,2025-01-03,No,0,0,Sick,Jan,Fri,1,Absent
EMP002,2025-01-04,Yes,10,2,None,Jan,Sat,1,Present
EMP002,2025-01-05,Yes,8,2,None,Jan,Sun,2,Present
EMP002,2025-01-06,Yes,10,0,None,Jan,Mon,2,Present
EMP002,2025-01-07,Yes,8,0,None,Jan,Tue,2,Present
EMP002,2025-01-08,Yes,10,2,None,Jan,Wed,2,Present
EMP002,2025-01-09,Yes,8,2,None,Jan,Thu,2,Present
EMP002,2025-01-10,Yes,9,1,None,Jan,Fri,2,Present
EMP002,2025-01-11,Yes,8,1,None,Jan,Sat,2,Present
EMP002,2025-01-12,Yes,10,1,None,Jan,Sun,3,Present
EMP002,2025-01-13,Yes,8,1,None,Jan,Mon,3,Present
EMP002,2025-01-14,Yes,9,0,None,Jan,Tue,3,Present
EMP002,2025-01-15,Yes,10,1,None,Jan,Wed,3,Present
EMP002,2025-01-16,Yes,9,1,None,Jan,Thu,3,Present
EMP002,2025-01-17,Yes,9,0,None,Jan,Fri,3,Present
EMP002,2025-01-18,Yes,10,0,None,Jan,Sat,3,Present
EMP002,2025-01-19,Yes,8,2,None,Jan,Sun,4,Present
EMP002,2025-01-20,Yes,9,2,None,Jan,Mon,4,Present
EMP002,2025-01-21,Yes,10,2,None,Jan,Tue,4,Present
EMP002,2025-01-22,Yes,9,0,None,Jan,Wed,4,Present
EMP002,2025-01-23,Yes,9,1,None,Jan,Thu,4,Present
EMP002,2025-01-24,Yes,8,1,None,Jan,Fri,4,Present
EMP002,2025-01-25,Yes,8,1,None,Jan,Sat,4,Present
EMP002,2025-01-26,Yes,8,1,None,Jan,Sun,5,Present
EMP002,2025-01-27,No,0,0,Paid,Jan,Mon,5,Absent
EMP002,2025-01-28,Yes,9,0,None,Jan,Tue,5,Present
EMP002,2025-01-29,Yes,8,1,None,Jan,Wed,5,Present
EMP002,2025-01-30,Yes,10,2,None,Jan,Thu,5,Present
EMP003,2025-01-01,Yes,8,0,None,Jan,Wed,1,Present
EMP003,2025-01-02,No,0,0,Casual,Jan,Thu,1,Absent
EMP003,2025-01-03,Yes,8,2,None,Jan,Fri,1,Present
EMP003,2025-01-04,Yes,10,0,None,Jan,Sat,1,Present
EMP003,2025-01-05,Yes,8,1,None,Jan,Sun,2,Present
EMP003,2025-01-06,Yes,8,2,None,Jan,Mon,2,Present
EMP003,2025-01-07,Yes,10,2,None,Jan,Tue,2,Present
EMP003,2025-01-08,Yes,9,0,None,Jan,Wed,2,Present
EMP003,2025-01-09,Yes,8,0,None,Jan,Thu,2,Present
EMP003,2025-01-10,Yes,10,1,None,Jan,Fri,2,Present
EMP003,2025-01-11,No,0,0,Casual,Jan,Sat,2,Absent
EMP003,2025-01-12,Yes,8,2,None,Jan,Sun,3,Present
EMP003,2025-01-13,Yes,8,2,None,Jan,Mon,3,Present
EMP003,2025-01-14,Yes,9,0,None,Jan,Tue,3,Present
EMP003,2025-01-15,Yes,8,2,None,Jan,Wed,3,Present
EMP003,2025-01-16,Yes,10,2,None,Jan,Thu,3,Present
EMP003,2025-01-17,Yes,9,0,None,Jan,Fri,3,Present
EMP003,2025-01-18,Yes,10,2,None,Jan,Sat,3,Present
EMP003,2025-01-19,Yes,10,2,None,Jan,Sun,4,Present
EMP003,2025-01-20,No,0,0,Casual,Jan,Mon,4,Absent
EMP003,2025-01-21,No,0,0,Casual,Jan,Tue,4,Absent
EMP003,2025-01-22,Yes,9,2,None,Jan,Wed,4,Present
EMP003,2025-01-23,No,0,0,Sick,Jan,Thu,4,Absent
EMP003,2025-01-24,Yes,10,2,None,Jan,Fri,4,Present
EMP003,2025-01-25,Yes,10,2,None,Jan,Sat,4,Present
EMP003,2025-01-26,Yes,8,0,None,Jan,Sun,5,Present
EMP003,2025-01-27,Yes,9,2,None,Jan,Mon,5,Present
EMP003,2025-01-28,Yes,10,1,None,Jan,Tue,5,Present
EMP003,2025-01-29,Yes,9,2,None,Jan,Wed,5,Present
EMP003,2025-01-30,Yes,8,0,None,Jan,Thu,5,Present
EMP004,2025-01-01,Yes,9,0,None,Jan,Wed,1,Present
EMP004,2025-01-02,Yes,8,0,None,Jan,Thu,1,Present
EMP004,2025-01-03,Yes,9,1,None,Jan,Fri,1,Present
EMP004,2025-01-04,Yes,10,1,None,Jan,Sat,1,Present
EMP004,2025-01-05,Yes,10,0,None,Jan,Sun,2,Present
EMP004,2025-01-06,Yes,8,2,None,Jan,Mon,2,Present
EMP004,2025-01-07,Yes,8,1,None,Jan,Tue,2,Present
EMP004,2025-01-08,Yes,9,2,None,Jan,Wed,2,Present
EMP004,2025-01-09,Yes,9,1,None,Jan,Thu,2,Present
EMP004,2025-01-10,Yes,9,2,None,Jan,Fri,2,Present
EMP004,2025-01-11,Yes,10,1,None,Jan,Sat,2,Present
EMP004,2025-01-12,Yes,10,1,None,Jan,Sun,3,Present
EMP004,2025-01-13,No,0,0,Paid,Jan,Mon,3,Absent
EMP004,2025-01-14,Yes,8,2,None,Jan,Tue,3,Present
EMP004,2025-01-15,Yes,8,0,None,Jan,Wed,3,Present
EMP004,2025-01-16,Yes,9,1,None,Jan,Thu,3,Present
EMP004,2025-01-17,Yes,10,1,None,Jan,Fri,3,Present
EMP004,2025-01-18,Yes,9,1,None,Jan,Sat,3,Present
EMP004,2025-01-19,Yes,10,1,None,Jan,Sun,4,Present
EMP004,2025-01-20,Yes,9,1,None,Jan,Mon,4,Present
EMP004,2025-01-21,Yes,8,0,None,Jan,Tue,4,Present
EMP004,2025-01-22,Yes,9,1,None,Jan,Wed,4,Present
EMP004,2025-01-23,Yes,10,2,None,Jan,Thu,4,Present
EMP004,2025-01-24,Yes,8,0,None,Jan,Fri,4,Present
EMP004,2025-01-25,Yes,10,1,None,Jan,Sat,4,Present
EMP004,2025-01-26,No,0,0,Sick,Jan,Sun,5,Absent
EMP004,2025-01-27,Yes,10,1,None,Jan,Mon,5,Present
EMP004,2025-01-28,Yes,10,0,None,Jan,Tue,5,Present
EMP004,2025-01-29,Yes,10,1,None,Jan,Wed,5,Present
EMP004,2025-01-30,Yes,9,1,None,Jan,Thu,5,Present
EMP005,2025-01-01,Yes,10,0,None,Jan,Wed,1,Present
EMP005,2025-01-02,Yes,9,1,None,Jan,Thu,1,Present
EMP005,2025-01-03,Yes,8,0,None,Jan,Fri,1,Present
EMP005,2025-01-04,No,0,0,Sick,Jan,Sat,1,Absent
EMP005,2025-01-05,Yes,9,2,None,Jan,Sun,2,Present
EMP005,2025-01-06,Yes,9,2,None,Jan,Mon,2,Present
EMP005,2025-01-07,Yes,10,1,None,Jan,Tue,2,Present
EMP005,2025-01-08,Yes,9,0,None,Jan,Wed,2,Present
EMP005,2025-01-09,Yes,8,1,None,Jan,Thu,2,Present
EMP005,2025-01-10,Yes,10,1,None,Jan,Fri,2,Present
EMP005,2025-01-11,Yes,10,1,None,Jan,Sat,2,Present
EMP005,2025-01-12,Yes,10,0,None,Jan,Sun,3,Present
EMP005,2025-01-13,Yes,9,1,None,Jan,Mon,3,Present
EMP005,2025-01-14,Yes,10,2,None,Jan,Tue,3,Present
EMP005,2025-01-15,Yes,10,0,None,Jan,Wed,3,Present
EMP005,2025-01-16,Yes,10,0,None,Jan,Thu,3,Present
EMP005,2025-01-17,Yes,8,0,None,Jan,Fri,3,Present
EMP005,2025-01-18,Yes,9,0,None,Jan,Sat,3,Present
EMP005,2025-01-19,Yes,10,1,None,Jan,Sun,4,Present
EMP005,2025-01-20,Yes,10,0,None,Jan,Mon,4,Present
EMP005,2025-01-21,Yes,8,0,None,Jan,Tue,4,Present
EMP005,2025-01-22,Yes,10,2,None,Jan,Wed,4,Present
EMP005,2025-01-23,Yes,9,1,None,Jan,Thu,4,Present
EMP005,2025-01-24,Yes,8,0,None,Jan,Fri,4,Present
EMP005,2025-01-25,Yes,10,0,None,Jan,Sat,4,Present
EMP005,2025-01-26,Yes,10,2,None,Jan,Sun,5,Present
EMP005,2025-01-27,Yes,10,2,None,Jan,Mon,5,Present
EMP005,2025-01-28,Yes,8,1,None,Jan,Tue,5,Present
EMP005,2025-01-29,Yes,8,0,None,Jan,Wed,5,Present
EMP005,2025-01-30,Yes,9,0,None,Jan,Thu,5,Present
EMP006,2025-01-01,Yes,10,0,None,Jan,Wed,1,Present
EMP006,2025-01-02,Yes,10,1,None,Jan,Thu,1,Present
EMP006,2025-01-03,Yes,9,0,None,Jan,Fri,1,Present
EMP006,2025-01-04,Yes,10,1,None,Jan,Sat,1,Present
EMP006,2025-01-05,Yes,9,2,None,Jan,Sun,2,Present
EMP006,2025-01-06,Yes,10,2,None,Jan,Mon,2,Present
EMP006,2025-01-07,Yes,10,0,None,Jan,Tue,2,Present
EMP006,2025-01-08,Yes,10,2,None,Jan,Wed,2,Present
EMP006,2025-01-09,Yes,9,2,None,Jan,Thu,2,Present
EMP006,2025-01-10,No,0,0,Sick,Jan,Fri,2,Absent
EMP006,2025-01-11,Yes,10,2,None,Jan,Sat,2,Present
EMP006,2025-01-12,Yes,8,2,None,Jan,Sun,3,Present
EMP006,2025-01-13,Yes,10,0,None,Jan,Mon,3,Present
EMP006,2025-01-14,Yes,10,2,None,Jan,Tue,3,Present
EMP006,2025-01-15,Yes,9,1,None,Jan,Wed,3,Present
EMP006,2025-01-16,Yes,10,1,None,Jan,Thu,3,Present
EMP006,2025-01-17,Yes,8,2,None,Jan,Fri,3,Present
EMP006,2025-01-18,No,0,0,Casual,Jan,Sat,3,Absent
EMP006,2025-01-19,Yes,9,0,None,Jan,Sun,4,Present
EMP006,2025-01-20,Yes,8,1,None,Jan,Mon,4,Present
EMP006,2025-01-21,Yes,9,2,None,Jan,Tue,4,Present
EMP006,2025-01-22,Yes,9,1,None,Jan,Wed,4,Present
EMP006,2025-01-23,Yes,9,2,None,Jan,Thu,4,Present
EMP006,2025-01-24,Yes,9,0,None,Jan,Fri,4,Present
EMP006,2025-01-25,Yes,9,1,None,Jan,Sat,4,Present
EMP006,2025-01-26,Yes,8,0,None,Jan,Sun,5,Present
EMP006,2025-01-27,Yes,9,2,None,Jan,Mon,5,Present
EMP006,2025-01-28,Yes,8,1,None,Jan,Tue,5,Present
EMP006,2025-01-29,Yes,10,1,None,Jan,Wed,5,Present
EMP006,2025-01-30,Yes,8,1,None,Jan,Thu,5,Present
EMP007,2025-01-01,Yes,9,1,None,Jan,Wed,1,Present
EMP007,2025-01-02,Yes,9,0,None,Jan,Thu,1,Present
EMP007,2025-01-03,Yes,9,2,None,Jan,Fri,1,Present
EMP007,2025-01-04,Yes,8,0,None,Jan,Sat,1,Present
EMP007,2025-01-05,Yes,8,0,None,Jan,Sun,2,Present
EMP007,2025-01-06,Yes,10,2,None,Jan,Mon,2,Present
EMP007,2025-01-07,Yes,9,2,None,Jan,Tue,2,Present
EMP007,2025-01-08,No,0,0,Sick,Jan,Wed,2,Absent
EMP007,2025-01-09,Yes,9,2,None,Jan,Thu,2,Present
EMP007,2025-01-10,Yes,9,1,None,Jan,Fri,2,Present
EMP007,2025-01-11,No,0,0,Sick,Jan,Sat,2,Absent
EMP007,2025-01-12,Yes,8,1,None,Jan,Sun,3,Present
EMP007,2025-01-13,Yes,8,1,None,Jan,Mon,3,Present
EMP007,2025-01-14,Yes,10,1,None,Jan,Tue,3,Present
EMP007,2025-01-15,Yes,10,2,None,Jan,Wed,3,Present
EMP007,2025-01-16,Yes,8,0,None,Jan,Thu,3,Present
EMP007,2025-01-17,Yes,9,2,None,Jan,Fri,3,Present
EMP007,2025-01-18,Yes,8,0,None,Jan,Sat,3,Present
EMP007,2025-01-19,Yes,9,2,None,Jan,Sun,4,Present
EMP007,2025-01-20,No,0,0,Sick,Jan,Mon,4,Absent
EMP007,2025-01-21,Yes,9,1,None,Jan,Tue,4,Present
EMP007,2025-01-22,Yes,8,2,None,Jan,Wed,4,Present
EMP007,2025-01-23,Yes,8,1,None,Jan,Thu,4,Present
EMP007,2025-01-24,Yes,9,0,None,Jan,Fri,4,Present
EMP007,2025-01-25,Yes,10,2,None,Jan,Sat,4,Present
EMP007,2025-01-26,Yes,10,1,None,Jan,Sun,5,Present
EMP007,2025-01-27,Yes,10,2,None,Jan,Mon,5,Present
EMP007,2025-01-28,Yes,10,1,None,Jan,Tue,5,Present
EMP007,2025-01-29,Yes,8,1,None,Jan,Wed,5,Present
EMP007,2025-01-30,Yes,8,1,None,Jan,Thu,5,Present
EMP008,2025-01-01,Yes,10,2,None,Jan,Wed,1,Present
EMP008,2025-01-02,Yes,10,1,None,Jan,Thu,1,Present
EMP008,2025-01-03,Yes,10,2,None,Jan,Fri,1,Present
EMP008,2025-01-04,Yes,10,0,None,Jan,Sat,1,Present
EMP008,2025-01-05,Yes,8,2,None,Jan,Sun,2,Present
EMP008,2025-01-06,Yes,10,1,None,Jan,Mon,2,Present
EMP008,2025-01-07,Yes,10,0,None,Jan,Tue,2,Present
EMP008,2025-01-08,No,0,0,Paid,Jan,Wed,2,Absent
EMP008,2025-01-09,Yes,8,1,None,Jan,Thu,2,Present
EMP008,2025-01-10,Yes,8,1,None,Jan,Fri,2,Present
EMP008,2025-01-11,Yes,9,2,None,Jan,Sat,2,Present
EMP008,2025-01-12,Yes,9,2,None,Jan,Sun,3,Present
EMP008,2025-01-13,Yes,10,0,None,Jan,Mon,3,Present
EMP008,2025-01-14,Yes,10,1,None,Jan,Tue,3,Present
EMP008,2025-01-15,Yes,9,2,None,Jan,Wed,3,Present
EMP008,2025-01-16,Yes,8,1,None,Jan,Thu,3,Present
EMP008,2025-01-17,Yes,9,2,None,Jan,Fri,3,Present
EMP008,2025-01-18,Yes,10,2,None,Jan,Sat,3,Present
EMP008,2025-01-19,Yes,10,1,None,Jan,Sun,4,Present
EMP008,2025-01-20,Yes,8,0,None,Jan,Mon,4,Present
EMP008,2025-01-21,Yes,9,0,None,Jan,Tue,4,Present
EMP008,2025-01-22,Yes,9,1,None,Jan,Wed,4,Present
EMP008,2025-01-23,Yes,10,2,None,Jan,Thu,4,Present
EMP008,2025-01-24,Yes,9,1,None,Jan,Fri,4,Present
EMP008,2025-01-25,Yes,10,1,None,Jan,Sat,4,Present
EMP008,2025-01-26,Yes,10,2,None,Jan,Sun,5,Present
EMP008,2025-01-27,Yes,9,1,None,Jan,Mon,5,Present
EMP008,2025-01-28,Yes,8,1,None,Jan,Tue,5,Present
EMP008,2025-01-29,No,0,0,Paid,Jan,Wed,5,Absent
EMP008,2025-01-30,No,0,0,Casual,Jan,Thu,5,Absent
EMP009,2025-01-01,Yes,10,1,None,Jan,Wed,1,Present
EMP009,2025-01-02,Yes,10,1,None,Jan,Thu,1,Present
EMP009,2025-01-03,Yes,10,1,None,Jan,Fri,1,Present
EMP009,2025-01-04,Yes,10,2,None,Jan,Sat,1,Present
EMP009,2025-01-05,Yes,8,0,None,Jan,Sun,2,Present
EMP009,2025-01-06,Yes,10,0,None,Jan,Mon,2,Present
EMP009,2025-01-07,Yes,8,0,None,Jan,Tue,2,Present
EMP009,2025-01-08,Yes,10,1,None,Jan,Wed,2,Present
EMP009,2025-01-09,Yes,8,0,None,Jan,Thu,2,Present
EMP009,2025-01-10,Yes,8,1,None,Jan,Fri,2,Present
EMP009,2025-01-11,Yes,9,1,None,Jan,Sat,2,Present
EMP009,2025-01-12,Yes,9,1,None,Jan,Sun,3,Present
EMP009,2025-01-13,Yes,8,0,None,Jan,Mon,3,Present
EMP009,2025-01-14,Yes,8,2,None,Jan,Tue,3,Present
EMP009,2025-01-15,Yes,8,0,None,Jan,Wed,3,Present
EMP009,2025-01-16,Yes,8,0,None,Jan,Thu,3,Present
EMP009,2025-01-17,Yes,9,1,None,Jan,Fri,3,Present
EMP009,2025-01-18,Yes,10,1,None,Jan,Sat,3,Present
EMP009,2025-01-19,Yes,8,1,None,Jan,Sun,4,Present
EMP009,2025-01-20,Yes,8,1,None,Jan,Mon,4,Present
EMP009,2025-01-21,Yes,10,2,None,Jan,Tue,4,Present
EMP009,2025-01-22,Yes,8,2,None,Jan,Wed,4,Present
EMP009,2025-01-23,Yes,8,0,None,Jan,Thu,4,Present
EMP009,2025-01-24,Yes,10,1,None,Jan,Fri,4,Present
EMP009,2025-01-25,Yes,10,0,None,Jan,Sat,4,Present
EMP009,2025-01-26,No,0,0,Casual,Jan,Sun,5,Absent
EMP009,2025-01-27,Yes,10,2,None,Jan,Mon,5,Present
EMP009,2025-01-28,Yes,8,2,None,Jan,Tue,5,Present
EMP009,2025-01-29,Yes,9,1,None,Jan,Wed,5,Present
EMP009,2025-01-30,Yes,8,1,None,Jan,Thu,5,Present
EMP010,2025-01-01,Yes,8,0,None,Jan,Wed,1,Present
EMP010,2025-01-02,Yes,8,0,None,Jan,Thu,1,Present
EMP010,2025-01-03,Yes,8,1,None,Jan,Fri,1,Present
EMP010,2025-01-04,Yes,9,1,None,Jan,Sat,1,Present
EMP010,2025-01-05,Yes,10,0,None,Jan,Sun,2,Present
EMP010,2025-01-06,Yes,9,2,None,Jan,Mon,2,Present
EMP010,2025-01-07,Yes,10,0,None,Jan,Tue,2,Present
EMP010,2025-01-08,Yes,8,1,None,Jan,Wed,2,Present
EMP010,2025-01-09,Yes,10,1,None,Jan,Thu,2,Present
EMP010,2025-01-10,Yes,10,1,None,Jan,Fri,2,Present
EMP010,2025-01-11,Yes,8,0,None,Jan,Sat,2,Present
EMP010,2025-01-12,Yes,9,0,None,Jan,Sun,3,Present
EMP010,2025-01-13,Yes,10,1,None,Jan,Mon,3,Present
EMP010,2025-01-14,Yes,10,1,None,Jan,Tue,3,Present
EMP010,2025-01-15,Yes,10,0,None,Jan,Wed,3,Present
EMP010,2025-01-16,Yes,10,2,None,Jan,Thu,3,Present
EMP010,2025-01-17,Yes,8,2,None,Jan,Fri,3,Present
EMP010,2025-01-18,Yes,10,1,None,Jan,Sat,3,Present
EMP010,2025-01-19,No,0,0,Paid,Jan,Sun,4,Absent
EMP010,2025-01-20,Yes,10,2,None,Jan,Mon,4,Present
EMP010,2025-01-21,Yes,10,0,None,Jan,Tue,4,Present
EMP010,2025-01-22,Yes,10,1,None,Jan,Wed,4,Present
EMP010,2025-01-23,Yes,8,2,None,Jan,Thu,4,Present
EMP010,2025-01-24,Yes,8,2,None,Jan,Fri,4,Present
EMP010,2025-01-25,Yes,8,1,None,Jan,Sat,4,Present
EMP010,2025-01-26,Yes,9,1,None,Jan,Sun,5,Present
EMP010,2025-01-27,Yes,10,1,None,Jan,Mon,5,Present
EMP010,2025-01-28,Yes,9,2,None,Jan,Tue,5,Present
EMP010,2025-01-29,No,0,0,Casual,Jan,Wed,5,Absent
EMP010,2025-01-30,Yes,10,0,None,Jan,Thu,5,Present
EMP011,2025-01-01,Yes,8,1,None,Jan,Wed,1,Present
EMP011,2025-01-02,Yes,8,2,None,Jan,Thu,1,Present
EMP011,2025-01-03,Yes,8,1,None,Jan,Fri,1,Present
EMP011,2025-01-04,No,0,0,Casual,Jan,Sat,1,Absent
EMP011,2025-01-05,Yes,8,2,None,Jan,Sun,2,Present
EMP011,2025-01-06,Yes,10,1,None,Jan,Mon,2,Present
EMP011,2025-01-07,Yes,9,1,None,Jan,Tue,2,Present
EMP011,2025-01-08,Yes,9,1,None,Jan,Wed,2,Present
EMP011,2025-01-09,Yes,10,2,None,Jan,Thu,2,Present
EMP011,2025-01-10,Yes,9,0,None,Jan,Fri,2,Present
EMP011,2025-01-11,Yes,10,1,None,Jan,Sat,2,Present
EMP011,2025-01-12,Yes,10,0,None,Jan,Sun,3,Present
EMP011,2025-01-13,Yes,8,1,None,Jan,Mon,3,Present
EMP011,2025-01-14,Yes,10,2,None,Jan,Tue,3,Present
EMP011,2025-01-15,Yes,9,0,None,Jan,Wed,3,Present
EMP011,2025-01-16,Yes,9,0,None,Jan,Thu,3,Present
EMP011,2025-01-17,Yes,10,0,None,Jan,Fri,3,Present
EMP011,2025-01-18,No,0,0,Paid,Jan,Sat,3,Absent
EMP011,2025-01-19,Yes,8,0,None,Jan,Sun,4,Present
EMP011,2025-01-20,Yes,8,2,None,Jan,Mon,4,Present
EMP011,2025-01-21,No,0,0,Paid,Jan,Tue,4,Absent
EMP011,2025-01-22,Yes,8,0,None,Jan,Wed,4,Present
EMP011,2025-01-23,Yes,9,1,None,Jan,Thu,4,Present
EMP011,2025-01-24,Yes,8,0,None,Jan,Fri,4,Present
EMP011,2025-01-25,Yes,9,0,None,Jan,Sat,4,Present
EMP011,2025-01-26,Yes,10,2,None,Jan,Sun,5,Present
EMP011,2025-01-27,Yes,10,2,None,Jan,Mon,5,Present
EMP011,2025-01-28,Yes,8,1,None,Jan,Tue,5,Present
EMP011,2025-01-29,Yes,10,2,None,Jan,Wed,5,Present
EMP011,2025-01-30,Yes,9,1,None,Jan,Thu,5,Present
EMP012,2025-01-01,No,0,0,Paid,Jan,Wed,1,Absent
EMP012,2025-01-02,Yes,8,2,None,Jan,Thu,1,Present
EMP012,2025-01-03,Yes,10,1,None,Jan,Fri,1,Present
EMP012,2025-01-04,No,0,0,Casual,Jan,Sat,1,Absent
EMP012,2025-01-05,Yes,10,1,None,Jan,Sun,2,Present
EMP012,2025-01-06,Yes,9,2,None,Jan,Mon,2,Present
EMP012,2025-01-07,Yes,8,1,None,Jan,Tue,2,Present
EMP012,2025-01-08,Yes,10,1,None,Jan,Wed,2,Present
EMP012,2025-01-09,Yes,8,1,None,Jan,Thu,2,Present
EMP012,2025-01-10,Yes,8,1,None,Jan,Fri,2,Present
EMP012,2025-01-11,Yes,10,1,None,Jan,Sat,2,Present
EMP012,2025-01-12,Yes,10,2,None,Jan,Sun,3,Present
EMP012,2025-01-13,Yes,8,1,None,Jan,Mon,3,Present
EMP012,2025-01-14,Yes,10,0,None,Jan,Tue,3,Present
EMP012,2025-01-15,Yes,9,0,None,Jan,Wed,3,Present
EMP012,2025-01-16,Yes,8,0,None,Jan,Thu,3,Present
EMP012,2025-01-17,Yes,10,2,None,Jan,Fri,3,Present
EMP012,2025-01-18,Yes,8,0,None,Jan,Sat,3,Present
EMP012,2025-01-19,Yes,10,2,None,Jan,Sun,4,Present
EMP012,2025-01-20,Yes,8,1,None,Jan,Mon,4,Present
EMP012,2025-01-21,Yes,9,1,None,Jan,Tue,4,Present
EMP012,2025-01-22,Yes,8,0,None,Jan,Wed,4,Present
EMP012,2025-01-23,Yes,10,0,None,Jan,Thu,4,Present
EMP012,2025-01-24,Yes,9,0,None,Jan,Fri,4,Present
EMP012,2025-01-25,Yes,10,0,None,Jan,Sat,4,Present
EMP012,2025-01-26,Yes,8,2,None,Jan,Sun,5,Present
EMP012,2025-01-27,Yes,9,1,None,Jan,Mon,5,Present
EMP012,2025-01-28,Yes,10,1,None,Jan,Tue,5,Present
EMP012,2025-01-29,Yes,9,2,None,Jan,Wed,5,Present
EMP012,2025-01-30,Yes,9,0,None,Jan,Thu,5,Present
EMP013,2025-01-01,Yes,10,1,None,Jan,Wed,1,Present
EMP013,2025-01-02,Yes,9,0,None,Jan,Thu,1,Present
EMP013,2025-01-03,Yes,9,0,None,Jan,Fri,1,Present
EMP013,2025-01-04,Yes,8,2,None,Jan,Sat,1,Present
EMP013,2025-01-05,Yes,9,2,None,Jan,Sun,2,Present
EMP013,2025-01-06,Yes,10,2,None,Jan,Mon,2,Present
EMP013,2025-01-07,Yes,8,0,None,Jan,Tue,2,Present
EMP013,2025-01-08,Yes,9,2,None,Jan,Wed,2,Present
EMP013,2025-01-09,Yes,9,2,None,Jan,Thu,2,Present
EMP013,2025-01-10,Yes,10,1,None,Jan,Fri,2,Present
EMP013,2025-01-11,Yes,9,2,None,Jan,Sat,2,Present
EMP013,2025-01-12,Yes,9,1,None,Jan,Sun,3,Present
EMP013,2025-01-13,Yes,9,0,None,Jan,Mon,3,Present
EMP013,2025-01-14,Yes,10,1,None,Jan,Tue,3,Present
EMP013,2025-01-15,Yes,10,2,None,Jan,Wed,3,Present
EMP013,2025-01-16,Yes,10,0,None,Jan,Thu,3,Present
EMP013,2025-01-17,Yes,8,2,None,Jan,Fri,3,Present
EMP013,2025-01-18,No,0,0,Sick,Jan,Sat,3,Absent
EMP013,2025-01-19,Yes,10,0,None,Jan,Sun,4,Present
EMP013,2025-01-20,No,0,0,Sick,Jan,Mon,4,Absent
EMP013,2025-01-21,No,0,0,Paid,Jan,Tue,4,Absent
EMP013,2025-01-22,Yes,8,2,None,Jan,Wed,4,Present
EMP013,2025-01-23,Yes,10,1,None,Jan,Thu,4,Present
EMP013,2025-01-24,Yes,8,0,None,Jan,Fri,4,Present
EMP013,2025-01-25,Yes,9,0,None,Jan,Sat,4,Present
EMP013,2025-01-26,No,0,0,Paid,Jan,Sun,5,Absent
EMP013,2025-01-27,Yes,9,0,None,Jan,Mon,5,Present
EMP013,2025-01-28,Yes,10,2,None,Jan,Tue,5,Present
EMP013,2025-01-29,Yes,8,0,None,Jan,Wed,5,Present
EMP013,2025-01-30,Yes,10,0,None,Jan,Thu,5,Present
EMP014,2025-01-01,Yes,10,2,None,Jan,Wed,1,Present
EMP014,2025-01-02,Yes,9,1,None,Jan,Thu,1,Present
EMP014,2025-01-03,Yes,8,1,None,Jan,Fri,1,Present
EMP014,2025-01-04,Yes,9,2,None,Jan,Sat,1,Present
EMP014,2025-01-05,Yes,10,0,None,Jan,Sun,2,Present
EMP014,2025-01-06,Yes,8,2,None,Jan,Mon,2,Present
EMP014,2025-01-07,Yes,10,0,None,Jan,Tue,2,Present
EMP014,2025-01-08,Yes,9,1,None,Jan,Wed,2,Present
EMP014,2025-01-09,Yes,8,2,None,Jan,Thu,2,Present
EMP014,2025-01-10,No,0,0,Sick,Jan,Fri,2,Absent
EMP014,2025-01-11,Yes,9,2,None,Jan,Sat,2,Present
EMP014,2025-01-12,Yes,10,0,None,Jan,Sun,3,Present
EMP014,2025-01-13,Yes,8,0,None,Jan,Mon,3,Present
EMP014,2025-01-14,Yes,10,2,None,Jan,Tue,3,Present
EMP014,2025-01-15,Yes,8,0,None,Jan,Wed,3,Present
EMP014,2025-01-16,Yes,9,2,None,Jan,Thu,3,Present
EMP014,2025-01-17,Yes,8,0,None,Jan,Fri,3,Present
EMP014,2025-01-18,Yes,9,0,None,Jan,Sat,3,Present
EMP014,2025-01-19,Yes,10,0,None,Jan,Sun,4,Present
EMP014,2025-01-20,Yes,10,1,None,Jan,Mon,4,Present
EMP014,2025-01-21,Yes,9,0,None,Jan,Tue,4,Present
EMP014,2025-01-22,Yes,10,1,None,Jan,Wed,4,Present
EMP014,2025-01-23,Yes,10,1,None,Jan,Thu,4,Present
EMP014,2025-01-24,Yes,10,0,None,Jan,Fri,4,Present
EMP014,2025-01-25,Yes,10,2,None,Jan,Sat,4,Present
EMP014,2025-01-26,No,0,0,Paid,Jan,Sun,5,Absent
EMP014,2025-01-27,Yes,8,0,None,Jan,Mon,5,Present
EMP014,2025-01-28,Yes,8,1,None,Jan,Tue,5,Present
EMP014,2025-01-29,Yes,10,2,None,Jan,Wed,5,Present
EMP014,2025-01-30,Yes,9,0,None,Jan,Thu,5,Present
EMP015,2025-01-01,Yes,9,1,None,Jan,Wed,1,Present
EMP015,2025-01-02,Yes,10,1,None,Jan,Thu,1,Present
EMP015,2025-01-03,Yes,10,2,None,Jan,Fri,1,Present
EMP015,2025-01-04,Yes,8,2,None,Jan,Sat,1,Present
EMP015,2025-01-05,Yes,8,2,None,Jan,Sun,2,Present
EMP015,2025-01-06,No,0,0,Casual,Jan,Mon,2,Absent
EMP015,2025-01-07,Yes,10,2,None,Jan,Tue,2,Present
EMP015,2025-01-08,Yes,9,1,None,Jan,Wed,2,Present
EMP015,2025-01-09,Yes,8,0,None,Jan,Thu,2,Present
EMP015,2025-01-10,Yes,9,1,None,Jan,Fri,2,Present
EMP015,2025-01-11,Yes,8,0,None,Jan,Sat,2,Present
EMP015,2025-01-12,Yes,9,1,None,Jan,Sun,3,Present
EMP015,2025-01-13,Yes,10,1,None,Jan,Mon,3,Present
EMP015,2025-01-14,Yes,8,1,None,Jan,Tue,3,Present
EMP015,2025-01-15,Yes,10,2,None,Jan,Wed,3,Present
EMP015,2025-01-16,Yes,9,0,None,Jan,Thu,3,Present
EMP015,2025-01-17,Yes,9,0,None,Jan,Fri,3,Present
EMP015,2025-01-18,Yes,10,0,None,Jan,Sat,3,Present
EMP015,2025-01-19,Yes,8,2,None,Jan,Sun,4,Present
EMP015,2025-01-20,Yes,8,1,None,Jan,Mon,4,Present
EMP015,2025-01-21,Yes,9,0,None,Jan,Tue,4,Present
EMP015,2025-01-22,No,0,0,Casual,Jan,Wed,4,Absent
EMP015,2025-01-23,Yes,9,1,None,Jan,Thu,4,Present
EMP015,2025-01-24,Yes,9,1,None,Jan,Fri,4,Present
EMP015,2025-01-25,Yes,10,2,None,Jan,Sat,4,Present
EMP015,2025-01-26,Yes,10,0,None,Jan,Sun,5,Present
EMP015,2025-01-27,Yes,8,1,None,Jan,Mon,5,Present
EMP015,2025-01-28,No,0,0,Casual,Jan,Tue,5,Absent
EMP015,2025-01-29,Yes,10,1,None,Jan,Wed,5,Present
EMP015,2025-01-30,Yes,9,1,None,Jan,Thu,5,Present
EMP016,2025-01-01,Yes,10,2,None,Jan,Wed,1,Present
EMP016,2025-01-02,Yes,9,2,None,Jan,Thu,1,Present
EMP016,2025-01-03,Yes,8,1,None,Jan,Fri,1,Present
EMP016,2025-01-04,Yes,9,1,None,Jan,Sat,1,Present
EMP016,2025-01-05,Yes,10,2,None,Jan,Sun,2,Present
EMP016,2025-01-06,Yes,10,0,None,Jan,Mon,2,Present
EMP016,2025-01-07,Yes,9,1,None,Jan,Tue,2,Present
EMP016,2025-01-08,Yes,10,0,None,Jan,Wed,2,Present
EMP016,2025-01-09,Yes,10,0,None,Jan,Thu,2,Present
EMP016,2025-01-10,Yes,10,0,None,Jan,Fri,2,Present
EMP016,2025-01-11,Yes,9,2,None,Jan,Sat,2,Present
EMP016,2025-01-12,Yes,9,2,None,Jan,Sun,3,Present
EMP016,2025-01-13,No,0,0,Casual,Jan,Mon,3,Absent
EMP016,2025-01-14,Yes,8,2,None,Jan,Tue,3,Present
EMP016,2025-01-15,Yes,9,2,None,Jan,Wed,3,Present
EMP016,2025-01-16,Yes,9,1,None,Jan,Thu,3,Present
EMP016,2025-01-17,No,0,0,Paid,Jan,Fri,3,Absent
EMP016,2025-01-18,Yes,9,2,None,Jan,Sat,3,Present
EMP016,2025-01-19,Yes,10,1,None,Jan,Sun,4,Present
EMP016,2025-01-20,Yes,9,2,None,Jan,Mon,4,Present
EMP016,2025-01-21,Yes,10,2,None,Jan,Tue,4,Present
EMP016,2025-01-22,Yes,8,0,None,Jan,Wed,4,Present
EMP016,2025-01-23,Yes,10,2,None,Jan,Thu,4,Present
EMP016,2025-01-24,Yes,10,2,None,Jan,Fri,4,Present
EMP016,2025-01-25,No,0,0,Paid,Jan,Sat,4,Absent
EMP016,2025-01-26,Yes,9,1,None,Jan,Sun,5,Present
EMP016,2025-01-27,Yes,9,0,None,Jan,Mon,5,Present
EMP016,2025-01-28,No,0,0,Casual,Jan,Tue,5,Absent
EMP016,2025-01-29,Yes,10,2,None,Jan,Wed,5,Present
EMP016,2025-01-30,Yes,10,2,None,Jan,Thu,5,Present
EMP017,2025-01-01,Yes,9,1,None,Jan,Wed,1,Present
EMP017,2025-01-02,Yes,10,2,None,Jan,Thu,1,Present
EMP017,2025-01-03,Yes,8,1,None,Jan,Fri,1,Present
EMP017,2025-01-04,Yes,9,0,None,Jan,Sat,1,Present
EMP017,2025-01-05,Yes,8,0,None,Jan,Sun,2,Present
EMP017,2025-01-06,Yes,10,0,None,Jan,Mon,2,Present
EMP017,2025-01-07,Yes,9,1,None,Jan,Tue,2,Present
EMP017,2025-01-08,Yes,10,1,None,Jan,Wed,2,Present
EMP017,2025-01-09,Yes,8,1,None,Jan,Thu,2,Present
EMP017,2025-01-10,Yes,9,1,None,Jan,Fri,2,Present
EMP017,2025-01-11,No,0,0,Sick,Jan,Sat,2,Absent
EMP017,2025-01-12,Yes,8,0,None,Jan,Sun,3,Present
EMP017,2025-01-13,Yes,10,0,None,Jan,Mon,3,Present
EMP017,2025-01-14,Yes,8,2,None,Jan,Tue,3,Present
EMP017,2025-01-15,Yes,8,2,None,Jan,Wed,3,Present
EMP017,2025-01-16,Yes,10,1,None,Jan,Thu,3,Present
EMP017,2025-01-17,Yes,8,1,None,Jan,Fri,3,Present
EMP017,2025-01-18,Yes,8,2,None,Jan,Sat,3,Present
EMP017,2025-01-19,Yes,9,0,None,Jan,Sun,4,Present
EMP017,2025-01-20,Yes,8,1,None,Jan,Mon,4,Present
EMP017,2025-01-21,Yes,9,0,None,Jan,Tue,4,Present
EMP017,2025-01-22,Yes,8,1,None,Jan,Wed,4,Present
EMP017,2025-01-23,Yes,8,2,None,Jan,Thu,4,Present
EMP017,2025-01-24,Yes,10,0,None,Jan,Fri,4,Present
EMP017,2025-01-25,Yes,8,1,None,Jan,Sat,4,Present
EMP017,2025-01-26,Yes,10,1,None,Jan,Sun,5,Present
EMP017,2025-01-27,Yes,10,1,None,Jan,Mon,5,Present
EMP017,2025-01-28,Yes,10,1,None,Jan,Tue,5,Present
EMP017,2025-01-29,Yes,9,1,None,Jan,Wed,5,Present
EMP017,2025-01-30,Yes,10,0,None,Jan,Thu,5,Present
EMP018,2025-01-01,Yes,10,1,None,Jan,Wed,1,Present
EMP018,2025-01-02,Yes,10,0,None,Jan,Thu,1,Present
EMP018,2025-01-03,Yes,9,0,None,Jan,Fri,1,Present
EMP018,2025-01-04,Yes,8,0,None,Jan,Sat,1,Present
EMP018,2025-01-05,Yes,8,2,None,Jan,Sun,2,Present
EMP018,2025-01-06,Yes,10,0,None,Jan,Mon,2,Present
EMP018,2025-01-07,Yes,9,0,None,Jan,Tue,2,Present
EMP018,2025-01-08,Yes,10,2,None,Jan,Wed,2,Present
EMP018,2025-01-09,Yes,8,2,None,Jan,Thu,2,Present
EMP018,2025-01-10,Yes,9,0,None,Jan,Fri,2,Present
EMP018,2025-01-11,Yes,9,2,None,Jan,Sat,2,Present
EMP018,2025-01-12,No,0,0,Casual,Jan,Sun,3,Absent
EMP018,2025-01-13,Yes,9,0,None,Jan,Mon,3,Present
EMP018,2025-01-14,Yes,9,2,None,Jan,Tue,3,Present
EMP018,2025-01-15,Yes,9,1,None,Jan,Wed,3,Present
EMP018,2025-01-16,Yes,9,2,None,Jan,Thu,3,Present
EMP018,2025-01-17,Yes,9,0,None,Jan,Fri,3,Present
EMP018,2025-01-18,Yes,8,0,None,Jan,Sat,3,Present
EMP018,2025-01-19,Yes,9,0,None,Jan,Sun,4,Present
EMP018,2025-01-20,Yes,8,1,None,Jan,Mon,4,Present
EMP018,2025-01-21,Yes,9,2,None,Jan,Tue,4,Present
EMP018,2025-01-22,Yes,10,0,None,Jan,Wed,4,Present
EMP018,2025-01-23,Yes,10,1,None,Jan,Thu,4,Present
EMP018,2025-01-24,Yes,8,2,None,Jan,Fri,4,Present
EMP018,2025-01-25,Yes,8,1,None,Jan,Sat,4,Present
EMP018,2025-01-26,Yes,10,0,None,Jan,Sun,5,Present
EMP018,2025-01-27,Yes,8,1,None,Jan,Mon,5,Present
EMP018,2025-01-28,Yes,8,1,None,Jan,Tue,5,Present
EMP018,2025-01-29,Yes,8,0,None,Jan,Wed,5,Present
EMP018,2025-01-30,Yes,10,2,None,Jan,Thu,5,Present
EMP019,2025-01-01,Yes,10,2,None,Jan,Wed,1,Present
EMP019,2025-01-02,Yes,8,2,None,Jan,Thu,1,Present
EMP019,2025-01-03,Yes,8,0,None,Jan,Fri,1,Present
EMP019,2025-01-04,Yes,10,1,None,Jan,Sat,1,Present
EMP019,2025-01-05,Yes,10,2,None,Jan,Sun,2,Present
EMP019,2025-01-06,Yes,10,1,None,Jan,Mon,2,Present
EMP019,2025-01-07,Yes,9,2,None,Jan,Tue,2,Present
EMP019,2025-01-08,Yes,10,0,None,Jan,Wed,2,Present
EMP019,2025-01-09,Yes,9,0,None,Jan,Thu,2,Present
EMP019,2025-01-10,Yes,10,0,None,Jan,Fri,2,Present
EMP019,2025-01-11,Yes,8,0,None,Jan,Sat,2,Present
EMP019,2025-01-12,Yes,9,0,None,Jan,Sun,3,Present
EMP019,2025-01-13,Yes,10,1,None,Jan,Mon,3,Present
EMP019,2025-01-14,Yes,10,2,None,Jan,Tue,3,Present
EMP019,2025-01-15,Yes,9,1,None,Jan,Wed,3,Present
EMP019,2025-01-16,Yes,10,0,None,Jan,Thu,3,Present
EMP019,2025-01-17,Yes,10,1,None,Jan,Fri,3,Present
EMP019,2025-01-18,Yes,9,1,None,Jan,Sat,3,Present
EMP019,2025-01-19,Yes,9,2,None,Jan,Sun,4,Present
EMP019,2025-01-20,No,0,0,Paid,Jan,Mon,4,Absent
EMP019,2025-01-21,Yes,9,2,None,Jan,Tue,4,Present
EMP019,2025-01-22,Yes,9,0,None,Jan,Wed,4,Present
EMP019,2025-01-23,Yes,9,0,None,Jan,Thu,4,Present
EMP019,2025-01-24,Yes,8,1,None,Jan,Fri,4,Present
EMP019,2025-01-25,Yes,9,1,None,Jan,Sat,4,Present
EMP019,2025-01-26,Yes,8,2,None,Jan,Sun,5,Present
EMP019,2025-01-27,Yes,9,2,None,Jan,Mon,5,Present
EMP019,2025-01-28,Yes,8,0,None,Jan,Tue,5,Present
EMP019,2025-01-29,Yes,9,0,None,Jan,Wed,5,Present
EMP019,2025-01-30,Yes,8,1,None,Jan,Thu,5,Present
EMP020,2025-01-01,Yes,9,0,None,Jan,Wed,1,Present
EMP020,2025-01-02,Yes,8,2,None,Jan,Thu,1,Present
EMP020,2025-01-03,Yes,9,0,None,Jan,Fri,1,Present
EMP020,2025-01-04,Yes,9,0,None,Jan,Sat,1,Present
EMP020,2025-01-05,Yes,10,0,None,Jan,Sun,2,Present
EMP020,2025-01-06,No,0,0,Paid,Jan,Mon,2,Absent
EMP020,2025-01-07,Yes,10,0,None,Jan,Tue,2,Present
EMP020,2025-01-08,Yes,8,2,None,Jan,Wed,2,Present
EMP020,2025-01-09,Yes,8,1,None,Jan,Thu,2,Present
EMP020,2025-01-10,No,0,0,Paid,Jan,Fri,2,Absent
EMP020,2025-01-11,Yes,10,1,None,Jan,Sat,2,Present
EMP020,2025-01-12,No,0,0,Paid,Jan,Sun,3,Absent
EMP020,2025-01-13,Yes,8,1,None,Jan,Mon,3,Present
EMP020,2025-01-14,Yes,9,0,None,Jan,Tue,3,Present
EMP020,2025-01-15,Yes,8,2,None,Jan,Wed,3,Present
EMP020,2025-01-16,Yes,8,1,None,Jan,Thu,3,Present
EMP020,2025-01-17,Yes,9,0,None,Jan,Fri,3,Present
EMP020,2025-01-18,Yes,8,2,None,Jan,Sat,3,Present
EMP020,2025-01-19,Yes,8,0,None,Jan,Sun,4,Present
EMP020,2025-01-20,Yes,8,2,None,Jan,Mon,4,Present
EMP020,2025-01-21,Yes,9,1,None,Jan,Tue,4,Present
EMP020,2025-01-22,Yes,10,2,None,Jan,Wed,4,Present
EMP020,2025-01-23,Yes,9,2,None,Jan,Thu,4,Present
EMP020,2025-01-24,Yes,8,0,None,Jan,Fri,4,Present
EMP020,2025-01-25,Yes,8,0,None,Jan,Sat,4,Present
EMP020,2025-01-26,Yes,9,1,None,Jan,Sun,5,Present
EMP020,2025-01-27,Yes,9,0,None,Jan,Mon,5,Present
EMP020,2025-01-28,Yes,10,0,None,Jan,Tue,5,Present
EMP020,2025-01-29,Yes,10,2,None,Jan,Wed,5,Present
EMP020,2025-01-30,Yes,9,2,None,Jan,Thu,5,Present
EMP021,2025-01-01,No,0,0,Paid,Jan,Wed,1,Absent
EMP021,2025-01-02,Yes,8,2,None,Jan,Thu,1,Present
EMP021,2025-01-03,Yes,8,2,None,Jan,Fri,1,Present
EMP021,2025-01-04,Yes,10,0,None,Jan,Sat,1,Present
EMP021,2025-01-05,Yes,8,1,None,Jan,Sun,2,Present
EMP021,2025-01-06,Yes,8,1,None,Jan,Mon,2,Present
EMP021,2025-01-07,Yes,8,2,None,Jan,Tue,2,Present
EMP021,2025-01-08,Yes,8,1,None,Jan,Wed,2,Present
EMP021,2025-01-09,Yes,8,1,None,Jan,Thu,2,Present
EMP021,2025-01-10,Yes,10,1,None,Jan,Fri,2,Present
EMP021,2025-01-11,Yes,10,0,None,Jan,Sat,2,Present
EMP021,2025-01-12,Yes,8,0,None,Jan,Sun,3,Present
EMP021,2025-01-13,Yes,8,1,None,Jan,Mon,3,Present
EMP021,2025-01-14,Yes,8,1,None,Jan,Tue,3,Present
EMP021,2025-01-15,Yes,10,2,None,Jan,Wed,3,Present
EMP021,2025-01-16,Yes,9,1,None,Jan,Thu,3,Present
EMP021,2025-01-17,Yes,8,2,None,Jan,Fri,3,Present
EMP021,2025-01-18,Yes,10,0,None,Jan,Sat,3,Present
EMP021,2025-01-19,Yes,9,0,None,Jan,Sun,4,Present
EMP021,2025-01-20,Yes,8,0,None,Jan,Mon,4,Present
EMP021,2025-01-21,Yes,9,2,None,Jan,Tue,4,Present
EMP021,2025-01-22,Yes,10,2,None,Jan,Wed,4,Present
EMP021,2025-01-23,Yes,9,2,None,Jan,Thu,4,Present
EMP021,2025-01-24,Yes,8,0,None,Jan,Fri,4,Present
EMP021,2025-01-25,Yes,9,0,None,Jan,Sat,4,Present
EMP021,2025-01-26,Yes,10,0,None,Jan,Sun,5,Present
EMP021,2025-01-27,Yes,10,2,None,Jan,Mon,5,Present
EMP021,2025-01-28,Yes,8,0,None,Jan,Tue,5,Present
EMP021,2025-01-29,Yes,10,0,None,Jan,Wed,5,Present
EMP021,2025-01-30,Yes,9,2,None,Jan,Thu,5,Present
EMP022,2025-01-01,Yes,10,1,None,Jan,Wed,1,Present
EMP022,2025-01-02,Yes,8,2,None,Jan,Thu,1,Present
EMP022,2025-01-03,Yes,9,2,None,Jan,Fri,1,Present
EMP022,2025-01-04,Yes,8,1,None,Jan,Sat,1,Present
EMP022,2025-01-05,Yes,9,2,None,Jan,Sun,2,Present
EMP022,2025-01-06,No,0,0,Paid,Jan,Mon,2,Absent
EMP022,2025-01-07,Yes,10,0,None,Jan,Tue,2,Present
EMP022,2025-01-08,Yes,10,1,None,Jan,Wed,2,Present
EMP022,2025-01-09,No,0,0,Paid,Jan,Thu,2,Absent
EMP022,2025-01-10,Yes,8,1,None,Jan,Fri,2,Present
EMP022,2025-01-11,Yes,10,2,None,Jan,Sat,2,Present
EMP022,2025-01-12,Yes,8,2,None,Jan,Sun,3,Present
EMP022,2025-01-13,Yes,8,0,None,Jan,Mon,3,Present
EMP022,2025-01-14,Yes,9,1,None,Jan,Tue,3,Present
EMP022,2025-01-15,Yes,8,0,None,Jan,Wed,3,Present
EMP022,2025-01-16,Yes,8,2,None,Jan,Thu,3,Present
EMP022,2025-01-17,Yes,10,2,None,Jan,Fri,3,Present
EMP022,2025-01-18,Yes,8,1,None,Jan,Sat,3,Present
EMP022,2025-01-19,Yes,10,1,None,Jan,Sun,4,Present
EMP022,2025-01-20,Yes,8,2,None,Jan,Mon,4,Present
EMP022,2025-01-21,Yes,10,2,None,Jan,Tue,4,Present
EMP022,2025-01-22,Yes,8,0,None,Jan,Wed,4,Present
EMP022,2025-01-23,Yes,8,1,None,Jan,Thu,4,Present
EMP022,2025-01-24,No,0,0,Casual,Jan,Fri,4,Absent
EMP022,2025-01-25,Yes,9,1,None,Jan,Sat,4,Present
EMP022,2025-01-26,Yes,9,0,None,Jan,Sun,5,Present
EMP022,2025-01-27,Yes,9,2,None,Jan,Mon,5,Present
EMP022,2025-01-28,Yes,10,2,None,Jan,Tue,5,Present
EMP022,2025-01-29,Yes,9,2,None,Jan,Wed,5,Present
EMP022,2025-01-30,Yes,8,2,None,Jan,Thu,5,Present
EMP023,2025-01-01,Yes,8,0,None,Jan,Wed,1,Present
EMP023,2025-01-02,No,0,0,Casual,Jan,Thu,1,Absent
EMP023,2025-01-03,No,0,0,Paid,Jan,Fri,1,Absent
EMP023,2025-01-04,Yes,10,0,None,Jan,Sat,1,Present
EMP023,2025-01-05,Yes,8,2,None,Jan,Sun,2,Present
EMP023,2025-01-06,Yes,10,2,None,Jan,Mon,2,Present
EMP023,2025-01-07,Yes,8,2,None,Jan,Tue,2,Present
EMP023,2025-01-08,Yes,9,1,None,Jan,Wed,2,Present
EMP023,2025-01-09,Yes,8,2,None,Jan,Thu,2,Present
EMP023,2025-01-10,Yes,8,0,None,Jan,Fri,2,Present
EMP023,2025-01-11,Yes,10,1,None,Jan,Sat,2,Present
EMP023,2025-01-12,Yes,9,1,None,Jan,Sun,3,Present
EMP023,2025-01-13,Yes,8,2,None,Jan,Mon,3,Present
EMP023,2025-01-14,Yes,8,2,None,Jan,Tue,3,Present
EMP023,2025-01-15,Yes,8,2,None,Jan,Wed,3,Present
EMP023,2025-01-16,Yes,9,2,None,Jan,Thu,3,Present
EMP023,2025-01-17,Yes,8,1,None,Jan,Fri,3,Present
EMP023,2025-01-18,Yes,9,1,None,Jan,Sat,3,Present
EMP023,2025-01-19,Yes,10,1,None,Jan,Sun,4,Present
EMP023,2025-01-20,Yes,9,0,None,Jan,Mon,4,Present
EMP023,2025-01-21,No,0,0,Sick,Jan,Tue,4,Absent
EMP023,2025-01-22,Yes,10,0,None,Jan,Wed,4,Present
EMP023,2025-01-23,Yes,8,1,None,Jan,Thu,4,Present
EMP023,2025-01-24,Yes,9,0,None,Jan,Fri,4,Present
EMP023,2025-01-25,Yes,8,1,None,Jan,Sat,4,Present
EMP023,2025-01-26,Yes,9,0,None,Jan,Sun,5,Present
EMP023,2025-01-27,Yes,10,1,None,Jan,Mon,5,Present
EMP023,2025-01-28,Yes,10,2,None,Jan,Tue,5,Present
EMP023,2025-01-29,No,0,0,Casual,Jan,Wed,5,Absent
EMP023,2025-01-30,Yes,10,0,None,Jan,Thu,5,Present
EMP024,2025-01-01,Yes,9,2,None,Jan,Wed,1,Present
EMP024,2025-01-02,No,0,0,Casual,Jan,Thu,1,Absent
EMP024,2025-01-03,Yes,8,0,None,Jan,Fri,1,Present
EMP024,2025-01-04,Yes,9,2,None,Jan,Sat,1,Present
EMP024,2025-01-05,Yes,8,0,None,Jan,Sun,2,Present
EMP024,2025-01-06,Yes,8,0,None,Jan,Mon,2,Present
EMP024,2025-01-07,No,0,0,Sick,Jan,Tue,2,Absent
EMP024,2025-01-08,Yes,9,1,None,Jan,Wed,2,Present
EMP024,2025-01-09,Yes,10,0,None,Jan,Thu,2,Present
EMP024,2025-01-10,Yes,9,0,None,Jan,Fri,2,Present
EMP024,2025-01-11,No,0,0,Sick,Jan,Sat,2,Absent
EMP024,2025-01-12,Yes,10,1,None,Jan,Sun,3,Present
EMP024,2025-01-13,Yes,8,1,None,Jan,Mon,3,Present
EMP024,2025-01-14,Yes,9,0,None,Jan,Tue,3,Present
EMP024,2025-01-15,Yes,10,1,None,Jan,Wed,3,Present
EMP024,2025-01-16,Yes,9,1,None,Jan,Thu,3,Present
EMP024,2025-01-17,No,0,0,Paid,Jan,Fri,3,Absent
EMP024,2025-01-18,Yes,9,0,None,Jan,Sat,3,Present
EMP024,2025-01-19,Yes,9,1,None,Jan,Sun,4,Present
EMP024,2025-01-20,Yes,8,0,None,Jan,Mon,4,Present
EMP024,2025-01-21,Yes,10,0,None,Jan,Tue,4,Present
EMP024,2025-01-22,Yes,9,1,None,Jan,Wed,4,Present
EMP024,2025-01-23,Yes,9,0,None,Jan,Thu,4,Present
EMP024,2025-01-24,Yes,9,0,None,Jan,Fri,4,Present
EMP024,2025-01-25,Yes,10,2,None,Jan,Sat,4,Present
EMP024,2025-01-26,Yes,10,0,None,Jan,Sun,5,Present
EMP024,2025-01-27,Yes,10,1,None,Jan,Mon,5,Present
EMP024,2025-01-28,Yes,9,1,None,Jan,Tue,5,Present
EMP024,2025-01-29,Yes,10,1,None,Jan,Wed,5,Present
EMP024,2025-01-30,Yes,8,0,None,Jan,Thu,5,Present
EMP025,2025-01-01,Yes,8,0,None,Jan,Wed,1,Present
EMP025,2025-01-02,Yes,9,0,None,Jan,Thu,1,Present
EMP025,2025-01-03,Yes,9,2,None,Jan,Fri,1,Present
EMP025,2025-01-04,Yes,10,0,None,Jan,Sat,1,Present
EMP025,2025-01-05,Yes,8,0,None,Jan,Sun,2,Present
EMP025,2025-01-06,Yes,9,2,None,Jan,Mon,2,Present
EMP025,2025-01-07,Yes,10,0,None,Jan,Tue,2,Present
EMP025,2025-01-08,Yes,8,2,None,Jan,Wed,2,Present
EMP025,2025-01-09,Yes,9,1,None,Jan,Thu,2,Present
EMP025,2025-01-10,Yes,8,0,None,Jan,Fri,2,Present
EMP025,2025-01-11,Yes,9,2,None,Jan,Sat,2,Present
EMP025,2025-01-12,Yes,10,0,None,Jan,Sun,3,Present
EMP025,2025-01-13,Yes,9,2,None,Jan,Mon,3,Present
EMP025,2025-01-14,Yes,10,0,None,Jan,Tue,3,Present
EMP025,2025-01-15,Yes,9,2,None,Jan,Wed,3,Present
EMP025,2025-01-16,Yes,9,0,None,Jan,Thu,3,Present
EMP025,2025-01-17,Yes,8,2,None,Jan,Fri,3,Present
EMP025,2025-01-18,Yes,10,1,None,Jan,Sat,3,Present
EMP025,2025-01-19,No,0,0,Paid,Jan,Sun,4,Absent
EMP025,2025-01-20,Yes,8,1,None,Jan,Mon,4,Present
EMP025,2025-01-21,Yes,9,0,None,Jan,Tue,4,Present
EMP025,2025-01-22,No,0,0,Paid,Jan,Wed,4,Absent
EMP025,2025-01-23,Yes,8,0,None,Jan,Thu,4,Present
EMP025,2025-01-24,Yes,9,0,None,Jan,Fri,4,Present
EMP025,2025-01-25,Yes,10,1,None,Jan,Sat,4,Present
EMP025,2025-01-26,Yes,9,1,None,Jan,Sun,5,Present
EMP025,2025-01-27,Yes,8,2,None,Jan,Mon,5,Present
EMP025,2025-01-28,Yes,10,1,None,Jan,Tue,5,Present
EMP025,2025-01-29,Yes,8,2,None,Jan,Wed,5,Present
EMP025,2025-01-30,Yes,10,2,None,Jan,Thu,5,Present
EMP026,2025-01-01,Yes,8,2,None,Jan,Wed,1,Present
EMP026,2025-01-02,Yes,8,1,None,Jan,Thu,1,Present
EMP026,2025-01-03,Yes,10,1,None,Jan,Fri,1,Present
EMP026,2025-01-04,Yes,10,0,None,Jan,Sat,1,Present
EMP026,2025-01-05,Yes,10,1,None,Jan,Sun,2,Present
EMP026,2025-01-06,Yes,10,0,None,Jan,Mon,2,Present
EMP026,2025-01-07,Yes,9,2,None,Jan,Tue,2,Present
EMP026,2025-01-08,Yes,10,0,None,Jan,Wed,2,Present
EMP026,2025-01-09,Yes,8,1,None,Jan,Thu,2,Present
EMP026,2025-01-10,Yes,8,1,None,Jan,Fri,2,Present
EMP026,2025-01-11,Yes,8,2,None,Jan,Sat,2,Present
EMP026,2025-01-12,Yes,8,2,None,Jan,Sun,3,Present
EMP026,2025-01-13,Yes,10,1,None,Jan,Mon,3,Present
EMP026,2025-01-14,Yes,9,0,None,Jan,Tue,3,Present
EMP026,2025-01-15,Yes,8,1,None,Jan,Wed,3,Present
EMP026,2025-01-16,Yes,8,2,None,Jan,Thu,3,Present
EMP026,2025-01-17,No,0,0,Casual,Jan,Fri,3,Absent
EMP026,2025-01-18,Yes,9,0,None,Jan,Sat,3,Present
EMP026,2025-01-19,Yes,9,1,None,Jan,Sun,4,Present
EMP026,2025-01-20,Yes,9,0,None,Jan,Mon,4,Present
EMP026,2025-01-21,Yes,10,2,None,Jan,Tue,4,Present
EMP026,2025-01-22,Yes,8,0,None,Jan,Wed,4,Present
EMP026,2025-01-23,Yes,8,1,None,Jan,Thu,4,Present
EMP026,2025-01-24,No,0,0,Casual,Jan,Fri,4,Absent
EMP026,2025-01-25,Yes,8,1,None,Jan,Sat,4,Present
EMP026,2025-01-26,Yes,9,0,None,Jan,Sun,5,Present
EMP026,2025-01-27,Yes,10,0,None,Jan,Mon,5,Present
EMP026,2025-01-28,Yes,10,1,None,Jan,Tue,5,Present
EMP026,2025-01-29,Yes,9,2,None,Jan,Wed,5,Present
EMP026,2025-01-30,Yes,9,0,None,Jan,Thu,5,Present
EMP027,2025-01-01,No,0,0,Casual,Jan,Wed,1,Absent
EMP027,2025-01-02,Yes,8,1,None,Jan,Thu,1,Present
EMP027,2025-01-03,Yes,10,2,None,Jan,Fri,1,Present
EMP027,2025-01-04,Yes,10,1,None,Jan,Sat,1,Present
EMP027,2025-01-05,Yes,8,0,None,Jan,Sun,2,Present
EMP027,2025-01-06,Yes,10,1,None,Jan,Mon,2,Present
EMP027,2025-01-07,Yes,9,0,None,Jan,Tue,2,Present
EMP027,2025-01-08,Yes,9,2,None,Jan,Wed,2,Present
EMP027,2025-01-09,Yes,9,0,None,Jan,Thu,2,Present
EMP027,2025-01-10,Yes,8,0,None,Jan,Fri,2,Present
EMP027,2025-01-11,Yes,8,1,None,Jan,Sat,2,Present
EMP027,2025-01-12,Yes,9,1,None,Jan,Sun,3,Present
EMP027,2025-01-13,Yes,10,1,None,Jan,Mon,3,Present
EMP027,2025-01-14,Yes,10,1,None,Jan,Tue,3,Present
EMP027,2025-01-15,Yes,9,1,None,Jan,Wed,3,Present
EMP027,2025-01-16,Yes,8,1,None,Jan,Thu,3,Present
EMP027,2025-01-17,Yes,9,0,None,Jan,Fri,3,Present
EMP027,2025-01-18,Yes,10,0,None,Jan,Sat,3,Present
EMP027,2025-01-19,Yes,10,2,None,Jan,Sun,4,Present
EMP027,2025-01-20,Yes,10,1,None,Jan,Mon,4,Present
EMP027,2025-01-21,Yes,9,2,None,Jan,Tue,4,Present
EMP027,2025-01-22,Yes,8,1,None,Jan,Wed,4,Present
EMP027,2025-01-23,Yes,9,2,None,Jan,Thu,4,Present
EMP027,2025-01-24,Yes,9,2,None,Jan,Fri,4,Present
EMP027,2025-01-25,Yes,9,1,None,Jan,Sat,4,Present
EMP027,2025-01-26,No,0,0,Paid,Jan,Sun,5,Absent
EMP027,2025-01-27,No,0,0,Paid,Jan,Mon,5,Absent
EMP027,2025-01-28,Yes,10,2,None,Jan,Tue,5,Present
EMP027,2025-01-29,Yes,8,0,None,Jan,Wed,5,Present
EMP027,2025-01-30,Yes,9,0,None,Jan,Thu,5,Present
EMP028,2025-01-01,Yes,8,0,None,Jan,Wed,1,Present
EMP028,2025-01-02,Yes,8,0,None,Jan,Thu,1,Present
EMP028,2025-01-03,Yes,10,1,None,Jan,Fri,1,Present
EMP028,2025-01-04,Yes,10,0,None,Jan,Sat,1,Present
EMP028,2025-01-05,Yes,9,1,None,Jan,Sun,2,Present
EMP028,2025-01-06,Yes,8,0,None,Jan,Mon,2,Present
EMP028,2025-01-07,Yes,9,2,None,Jan,Tue,2,Present
EMP028,2025-01-08,Yes,9,2,None,Jan,Wed,2,Present
EMP028,2025-01-09,Yes,8,2,None,Jan,Thu,2,Present
EMP028,2025-01-10,Yes,10,1,None,Jan,Fri,2,Present
EMP028,2025-01-11,Yes,8,0,None,Jan,Sat,2,Present
EMP028,2025-01-12,Yes,10,0,None,Jan,Sun,3,Present
EMP028,2025-01-13,Yes,10,0,None,Jan,Mon,3,Present
EMP028,2025-01-14,Yes,10,1,None,Jan,Tue,3,Present
EMP028,2025-01-15,Yes,9,1,None,Jan,Wed,3,Present
EMP028,2025-01-16,Yes,10,2,None,Jan,Thu,3,Present
EMP028,2025-01-17,Yes,8,1,None,Jan,Fri,3,Present
EMP028,2025-01-18,Yes,10,2,None,Jan,Sat,3,Present
EMP028,2025-01-19,Yes,9,0,None,Jan,Sun,4,Present
EMP028,2025-01-20,Yes,9,2,None,Jan,Mon,4,Present
EMP028,2025-01-21,Yes,10,1,None,Jan,Tue,4,Present
EMP028,2025-01-22,Yes,9,0,None,Jan,Wed,4,Present
EMP028,2025-01-23,Yes,9,1,None,Jan,Thu,4,Present
EMP028,2025-01-24,Yes,9,2,None,Jan,Fri,4,Present
EMP028,2025-01-25,Yes,8,0,None,Jan,Sat,4,Present
EMP028,2025-01-26,Yes,10,1,None,Jan,Sun,5,Present
EMP028,2025-01-27,Yes,9,1,None,Jan,Mon,5,Present
EMP028,2025-01-28,Yes,10,2,None,Jan,Tue,5,Present
EMP028,2025-01-29,Yes,9,0,None,Jan,Wed,5,Present
EMP028,2025-01-30,Yes,9,2,None,Jan,Thu,5,Present
EMP029,2025-01-01,Yes,10,1,None,Jan,Wed,1,Present
EMP029,2025-01-02,Yes,10,0,None,Jan,Thu,1,Present
EMP029,2025-01-03,No,0,0,Paid,Jan,Fri,1,Absent
EMP029,2025-01-04,Yes,8,2,None,Jan,Sat,1,Present
EMP029,2025-01-05,Yes,8,0,None,Jan,Sun,2,Present
EMP029,2025-01-06,Yes,8,0,None,Jan,Mon,2,Present
EMP029,2025-01-07,Yes,9,0,None,Jan,Tue,2,Present
EMP029,2025-01-08,Yes,10,0,None,Jan,Wed,2,Present
EMP029,2025-01-09,Yes,9,2,None,Jan,Thu,2,Present
EMP029,2025-01-10,Yes,8,2,None,Jan,Fri,2,Present
EMP029,2025-01-11,No,0,0,Casual,Jan,Sat,2,Absent
EMP029,2025-01-12,Yes,9,0,None,Jan,Sun,3,Present
EMP029,2025-01-13,Yes,9,2,None,Jan,Mon,3,Present
EMP029,2025-01-14,Yes,9,0,None,Jan,Tue,3,Present
EMP029,2025-01-15,Yes,9,2,None,Jan,Wed,3,Present
EMP029,2025-01-16,Yes,8,1,None,Jan,Thu,3,Present
EMP029,2025-01-17,No,0,0,Sick,Jan,Fri,3,Absent
EMP029,2025-01-18,Yes,10,0,None,Jan,Sat,3,Present
EMP029,2025-01-19,Yes,10,0,None,Jan,Sun,4,Present
EMP029,2025-01-20,Yes,9,2,None,Jan,Mon,4,Present
EMP029,2025-01-21,Yes,8,2,None,Jan,Tue,4,Present
EMP029,2025-01-22,No,0,0,Sick,Jan,Wed,4,Absent
EMP029,2025-01-23,Yes,10,0,None,Jan,Thu,4,Present
EMP029,2025-01-24,Yes,10,1,None,Jan,Fri,4,Present
EMP029,2025-01-25,Yes,10,2,None,Jan,Sat,4,Present
EMP029,2025-01-26,Yes,9,1,None,Jan,Sun,5,Present
EMP029,2025-01-27,Yes,8,1,None,Jan,Mon,5,Present
EMP029,2025-01-28,Yes,10,2,None,Jan,Tue,5,Present
EMP029,2025-01-29,Yes,8,0,None,Jan,Wed,5,Present
EMP029,2025-01-30,Yes,10,1,None,Jan,Thu,5,Present
EMP030,2025-01-01,Yes,10,2,None,Jan,Wed,1,Present
EMP030,2025-01-02,Yes,10,0,None,Jan,Thu,1,Present
EMP030,2025-01-03,Yes,9,1,None,Jan,Fri,1,Present
EMP030,2025-01-04,Yes,9,1,None,Jan,Sat,1,Present
EMP030,2025-01-05,Yes,10,1,None,Jan,Sun,2,Present
EMP030,2025-01-06,Yes,10,0,None,Jan,Mon,2,Present
EMP030,2025-01-07,Yes,10,1,None,Jan,Tue,2,Present
EMP030,2025-01-08,Yes,10,0,None,Jan,Wed,2,Present
EMP030,2025-01-09,Yes,10,1,None,Jan,Thu,2,Present
EMP030,2025-01-10,Yes,9,1,None,Jan,Fri,2,Present
EMP030,2025-01-11,Yes,10,0,None,Jan,Sat,2,Present
EMP030,2025-01-12,Yes,10,0,None,Jan,Sun,3,Present
EMP030,2025-01-13,Yes,10,0,None,Jan,Mon,3,Present
EMP030,2025-01-14,Yes,10,1,None,Jan,Tue,3,Present
EMP030,2025-01-15,Yes,10,1,None,Jan,Wed,3,Present
EMP030,2025-01-16,Yes,8,2,None,Jan,Thu,3,Present
EMP030,2025-01-17,Yes,8,1,None,Jan,Fri,3,Present
EMP030,2025-01-18,Yes,8,2,None,Jan,Sat,3,Present
EMP030,2025-01-19,Yes,10,0,None,Jan,Sun,4,Present
EMP030,2025-01-20,Yes,9,2,None,Jan,Mon,4,Present
EMP030,2025-01-21,Yes,9,0,None,Jan,Tue,4,Present
EMP030,2025-01-22,Yes,9,1,None,Jan,Wed,4,Present
EMP030,2025-01-23,Yes,9,1,None,Jan,Thu,4,Present
EMP030,2025-01-24,Yes,9,1,None,Jan,Fri,4,Present
EMP030,2025-01-25,Yes,9,0,None,Jan,Sat,4,Present
EMP030,2025-01-26,Yes,10,2,None,Jan,Sun,5,Present
EMP030,2025-01-27,Yes,8,1,None,Jan,Mon,5,Present
EMP030,2025-01-28,Yes,10,0,None,Jan,Tue,5,Present
EMP030,2025-01-29,Yes,9,2,None,Jan,Wed,5,Present
EMP030,2025-01-30,Yes,8,0,None,Jan,Thu,5,Present
EMP031,2025-01-01,Yes,8,1,None,Jan,Wed,1,Present
EMP031,2025-01-02,Yes,10,1,None,Jan,Thu,1,Present
EMP031,2025-01-03,Yes,10,0,None,Jan,Fri,1,Present
EMP031,2025-01-04,Yes,9,1,None,Jan,Sat,1,Present
EMP031,2025-01-05,Yes,8,1,None,Jan,Sun,2,Present
EMP031,2025-01-06,Yes,8,1,None,Jan,Mon,2,Present
EMP031,2025-01-07,Yes,8,2,None,Jan,Tue,2,Present
EMP031,2025-01-08,Yes,9,0,None,Jan,Wed,2,Present
EMP031,2025-01-09,Yes,9,2,None,Jan,Thu,2,Present
EMP031,2025-01-10,Yes,9,1,None,Jan,Fri,2,Present
EMP031,2025-01-11,Yes,8,2,None,Jan,Sat,2,Present
EMP031,2025-01-12,Yes,9,0,None,Jan,Sun,3,Present
EMP031,2025-01-13,Yes,10,0,None,Jan,Mon,3,Present
EMP031,2025-01-14,No,0,0,Sick,Jan,Tue,3,Absent
EMP031,2025-01-15,Yes,8,0,None,Jan,Wed,3,Present
EMP031,2025-01-16,Yes,9,1,None,Jan,Thu,3,Present
EMP031,2025-01-17,Yes,9,2,None,Jan,Fri,3,Present
EMP031,2025-01-18,Yes,8,0,None,Jan,Sat,3,Present
EMP031,2025-01-19,Yes,9,1,None,Jan,Sun,4,Present
EMP031,2025-01-20,Yes,10,2,None,Jan,Mon,4,Present
EMP031,2025-01-21,Yes,9,2,None,Jan,Tue,4,Present
EMP031,2025-01-22,Yes,9,1,None,Jan,Wed,4,Present
EMP031,2025-01-23,Yes,8,0,None,Jan,Thu,4,Present
EMP031,2025-01-24,Yes,9,0,None,Jan,Fri,4,Present
EMP031,2025-01-25,Yes,10,0,None,Jan,Sat,4,Present
EMP031,2025-01-26,Yes,8,2,None,Jan,Sun,5,Present
EMP031,2025-01-27,Yes,8,1,None,Jan,Mon,5,Present
EMP031,2025-01-28,Yes,8,1,None,Jan,Tue,5,Present
EMP031,2025-01-29,Yes,9,2,None,Jan,Wed,5,Present
EMP031,2025-01-30,Yes,10,0,None,Jan,Thu,5,Present
EMP032,2025-01-01,Yes,10,0,None,Jan,Wed,1,Present
EMP032,2025-01-02,No,0,0,Sick,Jan,Thu,1,Absent
EMP032,2025-01-03,Yes,9,0,None,Jan,Fri,1,Present
EMP032,2025-01-04,Yes,9,2,None,Jan,Sat,1,Present
EMP032,2025-01-05,Yes,10,2,None,Jan,Sun,2,Present
EMP032,2025-01-06,Yes,9,1,None,Jan,Mon,2,Present
EMP032,2025-01-07,Yes,10,2,None,Jan,Tue,2,Present
EMP032,2025-01-08,Yes,10,2,None,Jan,Wed,2,Present
EMP032,2025-01-09,Yes,8,2,None,Jan,Thu,2,Present
EMP032,2025-01-10,Yes,8,1,None,Jan,Fri,2,Present
EMP032,2025-01-11,Yes,8,1,None,Jan,Sat,2,Present
EMP032,2025-01-12,Yes,8,1,None,Jan,Sun,3,Present
EMP032,2025-01-13,Yes,8,1,None,Jan,Mon,3,Present
EMP032,2025-01-14,Yes,9,0,None,Jan,Tue,3,Present
EMP032,2025-01-15,No,0,0,Casual,Jan,Wed,3,Absent
EMP032,2025-01-16,Yes,10,1,None,Jan,Thu,3,Present
EMP032,2025-01-17,Yes,8,0,None,Jan,Fri,3,Present
EMP032,2025-01-18,Yes,8,2,None,Jan,Sat,3,Present
EMP032,2025-01-19,Yes,8,0,None,Jan,Sun,4,Present
EMP032,2025-01-20,Yes,8,2,None,Jan,Mon,4,Present
EMP032,2025-01-21,Yes,9,2,None,Jan,Tue,4,Present
EMP032,2025-01-22,Yes,9,1,None,Jan,Wed,4,Present
EMP032,2025-01-23,Yes,8,0,None,Jan,Thu,4,Present
EMP032,2025-01-24,Yes,9,1,None,Jan,Fri,4,Present
EMP032,2025-01-25,Yes,9,1,None,Jan,Sat,4,Present
EMP032,2025-01-26,Yes,8,0,None,Jan,Sun,5,Present
EMP032,2025-01-27,No,0,0,Sick,Jan,Mon,5,Absent
EMP032,2025-01-28,Yes,8,1,None,Jan,Tue,5,Present
EMP032,2025-01-29,Yes,9,2,None,Jan,Wed,5,Present
EMP032,2025-01-30,Yes,10,0,None,Jan,Thu,5,Present
EMP033,2025-01-01,Yes,9,0,None,Jan,Wed,1,Present
EMP033,2025-01-02,Yes,9,1,None,Jan,Thu,1,Present
EMP033,2025-01-03,Yes,9,2,None,Jan,Fri,1,Present
EMP033,2025-01-04,Yes,9,2,None,Jan,Sat,1,Present
EMP033,2025-01-05,Yes,8,0,None,Jan,Sun,2,Present
EMP033,2025-01-06,Yes,10,0,None,Jan,Mon,2,Present
EMP033,2025-01-07,Yes,8,0,None,Jan,Tue,2,Present
EMP033,2025-01-08,Yes,10,1,None,Jan,Wed,2,Present
EMP033,2025-01-09,Yes,10,1,None,Jan,Thu,2,Present
EMP033,2025-01-10,Yes,9,1,None,Jan,Fri,2,Present
EMP033,2025-01-11,Yes,10,2,None,Jan,Sat,2,Present
EMP033,2025-01-12,Yes,8,1,None,Jan,Sun,3,Present
EMP033,2025-01-13,Yes,8,1,None,Jan,Mon,3,Present
EMP033,2025-01-14,Yes,8,1,None,Jan,Tue,3,Present
EMP033,2025-01-15,Yes,8,2,None,Jan,Wed,3,Present
EMP033,2025-01-16,Yes,10,2,None,Jan,Thu,3,Present
EMP033,2025-01-17,Yes,10,0,None,Jan,Fri,3,Present
EMP033,2025-01-18,Yes,10,1,None,Jan,Sat,3,Present
EMP033,2025-01-19,Yes,10,2,None,Jan,Sun,4,Present
EMP033,2025-01-20,Yes,9,2,None,Jan,Mon,4,Present
EMP033,2025-01-21,Yes,9,1,None,Jan,Tue,4,Present
EMP033,2025-01-22,Yes,10,1,None,Jan,Wed,4,Present
EMP033,2025-01-23,Yes,10,2,None,Jan,Thu,4,Present
EMP033,2025-01-24,No,0,0,Paid,Jan,Fri,4,Absent
EMP033,2025-01-25,Yes,10,1,None,Jan,Sat,4,Present
EMP033,2025-01-26,Yes,8,0,None,Jan,Sun,5,Present
EMP033,2025-01-27,Yes,9,0,None,Jan,Mon,5,Present
EMP033,2025-01-28,Yes,9,0,None,Jan,Tue,5,Present
EMP033,2025-01-29,Yes,10,2,None,Jan,Wed,5,Present
EMP033,2025-01-30,Yes,8,0,None,Jan,Thu,5,Present
EMP034,2025-01-01,Yes,10,1,None,Jan,Wed,1,Present
EMP034,2025-01-02,Yes,9,1,None,Jan,Thu,1,Present
EMP034,2025-01-03,Yes,9,2,None,Jan,Fri,1,Present
EMP034,2025-01-04,Yes,8,1,None,Jan,Sat,1,Present
EMP034,2025-01-05,Yes,10,2,None,Jan,Sun,2,Present
EMP034,2025-01-06,No,0,0,Sick,Jan,Mon,2,Absent
EMP034,2025-01-07,Yes,10,2,None,Jan,Tue,2,Present
EMP034,2025-01-08,Yes,10,2,None,Jan,Wed,2,Present
EMP034,2025-01-09,Yes,10,1,None,Jan,Thu,2,Present
EMP034,2025-01-10,Yes,9,0,None,Jan,Fri,2,Present
EMP034,2025-01-11,Yes,9,1,None,Jan,Sat,2,Present
EMP034,2025-01-12,Yes,10,2,None,Jan,Sun,3,Present
EMP034,2025-01-13,Yes,10,1,None,Jan,Mon,3,Present
EMP034,2025-01-14,Yes,8,0,None,Jan,Tue,3,Present
EMP034,2025-01-15,Yes,8,0,None,Jan,Wed,3,Present
EMP034,2025-01-16,Yes,10,1,None,Jan,Thu,3,Present
EMP034,2025-01-17,Yes,9,2,None,Jan,Fri,3,Present
EMP034,2025-01-18,Yes,8,1,None,Jan,Sat,3,Present
EMP034,2025-01-19,Yes,10,2,None,Jan,Sun,4,Present
EMP034,2025-01-20,Yes,8,1,None,Jan,Mon,4,Present
EMP034,2025-01-21,Yes,8,0,None,Jan,Tue,4,Present
EMP034,2025-01-22,Yes,9,0,None,Jan,Wed,4,Present
EMP034,2025-01-23,Yes,8,2,None,Jan,Thu,4,Present
EMP034,2025-01-24,Yes,9,0,None,Jan,Fri,4,Present
EMP034,2025-01-25,Yes,10,2,None,Jan,Sat,4,Present
EMP034,2025-01-26,Yes,9,1,None,Jan,Sun,5,Present
EMP034,2025-01-27,Yes,10,0,None,Jan,Mon,5,Present
EMP034,2025-01-28,Yes,8,2,None,Jan,Tue,5,Present
EMP034,2025-01-29,Yes,10,1,None,Jan,Wed,5,Present
EMP034,2025-01-30,Yes,9,2,None,Jan,Thu,5,Present
EMP035,2025-01-01,Yes,8,2,None,Jan,Wed,1,Present
EMP035,2025-01-02,Yes,10,0,None,Jan,Thu,1,Present
EMP035,2025-01-03,Yes,10,2,None,Jan,Fri,1,Present
EMP035,2025-01-04,Yes,9,2,None,Jan,Sat,1,Present
EMP035,2025-01-05,Yes,9,2,None,Jan,Sun,2,Present
EMP035,2025-01-06,Yes,8,1,None,Jan,Mon,2,Present
EMP035,2025-01-07,Yes,9,1,None,Jan,Tue,2,Present
EMP035,2025-01-08,Yes,8,0,None,Jan,Wed,2,Present
EMP035,2025-01-09,Yes,10,2,None,Jan,Thu,2,Present
EMP035,2025-01-10,Yes,10,2,None,Jan,Fri,2,Present
EMP035,2025-01-11,Yes,10,2,None,Jan,Sat,2,Present
EMP035,2025-01-12,Yes,10,0,None,Jan,Sun,3,Present
EMP035,2025-01-13,Yes,10,2,None,Jan,Mon,3,Present
EMP035,2025-01-14,Yes,9,2,None,Jan,Tue,3,Present
EMP035,2025-01-15,Yes,10,2,None,Jan,Wed,3,Present
EMP035,2025-01-16,Yes,8,2,None,Jan,Thu,3,Present
EMP035,2025-01-17,Yes,10,1,None,Jan,Fri,3,Present
EMP035,2025-01-18,Yes,9,2,None,Jan,Sat,3,Present
EMP035,2025-01-19,Yes,10,2,None,Jan,Sun,4,Present
EMP035,2025-01-20,Yes,10,2,None,Jan,Mon,4,Present
EMP035,2025-01-21,Yes,10,1,None,Jan,Tue,4,Present
EMP035,2025-01-22,Yes,9,0,None,Jan,Wed,4,Present
EMP035,2025-01-23,Yes,8,1,None,Jan,Thu,4,Present
EMP035,2025-01-24,Yes,10,0,None,Jan,Fri,4,Present
EMP035,2025-01-25,Yes,8,1,None,Jan,Sat,4,Present
EMP035,2025-01-26,Yes,8,0,None,Jan,Sun,5,Present
EMP035,2025-01-27,Yes,9,0,None,Jan,Mon,5,Present
EMP035,2025-01-28,Yes,8,1,None,Jan,Tue,5,Present
EMP035,2025-01-29,Yes,8,2,None,Jan,Wed,5,Present
EMP035,2025-01-30,Yes,10,2,None,Jan,Thu,5,Present
EMP036,2025-01-01,Yes,10,2,None,Jan,Wed,1,Present
EMP036,2025-01-02,Yes,8,2,None,Jan,Thu,1,Present
EMP036,2025-01-03,Yes,10,1,None,Jan,Fri,1,Present
EMP036,2025-01-04,Yes,8,1,None,Jan,Sat,1,Present
EMP036,2025-01-05,Yes,10,1,None,Jan,Sun,2,Present
EMP036,2025-01-06,Yes,8,0,None,Jan,Mon,2,Present
EMP036,2025-01-07,Yes,8,2,None,Jan,Tue,2,Present
EMP036,2025-01-08,Yes,9,0,None,Jan,Wed,2,Present
EMP036,2025-01-09,Yes,10,2,None,Jan,Thu,2,Present
EMP036,2025-01-10,Yes,10,2,None,Jan,Fri,2,Present
EMP036,2025-01-11,Yes,8,2,None,Jan,Sat,2,Present
EMP036,2025-01-12,Yes,9,1,None,Jan,Sun,3,Present
EMP036,2025-01-13,Yes,10,0,None,Jan,Mon,3,Present
EMP036,2025-01-14,Yes,8,2,None,Jan,Tue,3,Present
EMP036,2025-01-15,Yes,9,0,None,Jan,Wed,3,Present
EMP036,2025-01-16,Yes,10,1,None,Jan,Thu,3,Present
EMP036,2025-01-17,Yes,10,1,None,Jan,Fri,3,Present
EMP036,2025-01-18,No,0,0,Casual,Jan,Sat,3,Absent
EMP036,2025-01-19,Yes,8,0,None,Jan,Sun,4,Present
EMP036,2025-01-20,Yes,9,2,None,Jan,Mon,4,Present
EMP036,2025-01-21,No,0,0,Paid,Jan,Tue,4,Absent
EMP036,2025-01-22,Yes,10,1,None,Jan,Wed,4,Present
EMP036,2025-01-23,Yes,10,2,None,Jan,Thu,4,Present
EMP036,2025-01-24,Yes,10,1,None,Jan,Fri,4,Present
EMP036,2025-01-25,Yes,8,2,None,Jan,Sat,4,Present
EMP036,2025-01-26,No,0,0,Paid,Jan,Sun,5,Absent
EMP036,2025-01-27,Yes,10,2,None,Jan,Mon,5,Present
EMP036,2025-01-28,Yes,9,0,None,Jan,Tue,5,Present
EMP036,2025-01-29,Yes,10,1,None,Jan,Wed,5,Present
EMP036,2025-01-30,Yes,9,0,None,Jan,Thu,5,Present
EMP037,2025-01-01,Yes,10,2,None,Jan,Wed,1,Present
EMP037,2025-01-02,Yes,10,2,None,Jan,Thu,1,Present
EMP037,2025-01-03,No,0,0,Paid,Jan,Fri,1,Absent
EMP037,2025-01-04,Yes,8,2,None,Jan,Sat,1,Present
EMP037,2025-01-05,Yes,10,0,None,Jan,Sun,2,Present
EMP037,2025-01-06,Yes,10,1,None,Jan,Mon,2,Present
EMP037,2025-01-07,Yes,8,1,None,Jan,Tue,2,Present
EMP037,2025-01-08,Yes,10,1,None,Jan,Wed,2,Present
EMP037,2025-01-09,No,0,0,Paid,Jan,Thu,2,Absent
EMP037,2025-01-10,Yes,9,2,None,Jan,Fri,2,Present
EMP037,2025-01-11,Yes,9,1,None,Jan,Sat,2,Present
EMP037,2025-01-12,No,0,0,Paid,Jan,Sun,3,Absent
EMP037,2025-01-13,Yes,10,0,None,Jan,Mon,3,Present
EMP037,2025-01-14,Yes,8,2,None,Jan,Tue,3,Present
EMP037,2025-01-15,Yes,10,0,None,Jan,Wed,3,Present
EMP037,2025-01-16,Yes,10,0,None,Jan,Thu,3,Present
EMP037,2025-01-17,Yes,9,0,None,Jan,Fri,3,Present
EMP037,2025-01-18,Yes,10,2,None,Jan,Sat,3,Present
EMP037,2025-01-19,Yes,10,0,None,Jan,Sun,4,Present
EMP037,2025-01-20,Yes,8,0,None,Jan,Mon,4,Present
EMP037,2025-01-21,Yes,9,0,None,Jan,Tue,4,Present
EMP037,2025-01-22,Yes,8,0,None,Jan,Wed,4,Present
EMP037,2025-01-23,Yes,10,0,None,Jan,Thu,4,Present
EMP037,2025-01-24,Yes,8,1,None,Jan,Fri,4,Present
EMP037,2025-01-25,Yes,9,2,None,Jan,Sat,4,Present
EMP037,2025-01-26,Yes,9,0,None,Jan,Sun,5,Present
EMP037,2025-01-27,Yes,8,2,None,Jan,Mon,5,Present
EMP037,2025-01-28,No,0,0,Paid,Jan,Tue,5,Absent
EMP037,2025-01-29,Yes,10,2,None,Jan,Wed,5,Present
EMP037,2025-01-30,No,0,0,Sick,Jan,Thu,5,Absent
EMP038,2025-01-01,Yes,10,0,None,Jan,Wed,1,Present
EMP038,2025-01-02,Yes,10,1,None,Jan,Thu,1,Present
EMP038,2025-01-03,Yes,9,1,None,Jan,Fri,1,Present
EMP038,2025-01-04,Yes,10,0,None,Jan,Sat,1,Present
EMP038,2025-01-05,Yes,10,0,None,Jan,Sun,2,Present
EMP038,2025-01-06,Yes,9,2,None,Jan,Mon,2,Present
EMP038,2025-01-07,Yes,10,0,None,Jan,Tue,2,Present
EMP038,2025-01-08,Yes,10,2,None,Jan,Wed,2,Present
EMP038,2025-01-09,Yes,8,2,None,Jan,Thu,2,Present
EMP038,2025-01-10,Yes,8,0,None,Jan,Fri,2,Present
EMP038,2025-01-11,No,0,0,Paid,Jan,Sat,2,Absent
EMP038,2025-01-12,Yes,10,2,None,Jan,Sun,3,Present
EMP038,2025-01-13,Yes,9,0,None,Jan,Mon,3,Present
EMP038,2025-01-14,Yes,10,1,None,Jan,Tue,3,Present
EMP038,2025-01-15,Yes,10,2,None,Jan,Wed,3,Present
EMP038,2025-01-16,Yes,8,0,None,Jan,Thu,3,Present
EMP038,2025-01-17,Yes,9,0,None,Jan,Fri,3,Present
EMP038,2025-01-18,Yes,10,2,None,Jan,Sat,3,Present
EMP038,2025-01-19,Yes,10,1,None,Jan,Sun,4,Present
EMP038,2025-01-20,Yes,8,1,None,Jan,Mon,4,Present
EMP038,2025-01-21,Yes,9,0,None,Jan,Tue,4,Present
EMP038,2025-01-22,Yes,10,1,None,Jan,Wed,4,Present
EMP038,2025-01-23,Yes,9,0,None,Jan,Thu,4,Present
EMP038,2025-01-24,Yes,8,0,None,Jan,Fri,4,Present
EMP038,2025-01-25,Yes,8,0,None,Jan,Sat,4,Present
EMP038,2025-01-26,Yes,9,1,None,Jan,Sun,5,Present
EMP038,2025-01-27,Yes,9,2,None,Jan,Mon,5,Present
EMP038,2025-01-28,Yes,10,2,None,Jan,Tue,5,Present
EMP038,2025-01-29,Yes,9,1,None,Jan,Wed,5,Present
EMP038,2025-01-30,Yes,9,0,None,Jan,Thu,5,Present
EMP039,2025-01-01,Yes,10,2,None,Jan,Wed,1,Present
EMP039,2025-01-02,Yes,9,1,None,Jan,Thu,1,Present
EMP039,2025-01-03,Yes,10,1,None,Jan,Fri,1,Present
EMP039,2025-01-04,Yes,9,1,None,Jan,Sat,1,Present
EMP039,2025-01-05,Yes,9,1,None,Jan,Sun,2,Present
EMP039,2025-01-06,Yes,8,2,None,Jan,Mon,2,Present
EMP039,2025-01-07,Yes,9,0,None,Jan,Tue,2,Present
EMP039,2025-01-08,Yes,8,1,None,Jan,Wed,2,Present
EMP039,2025-01-09,Yes,10,0,None,Jan,Thu,2,Present
EMP039,2025-01-10,Yes,8,2,None,Jan,Fri,2,Present
EMP039,2025-01-11,Yes,10,2,None,Jan,Sat,2,Present
EMP039,2025-01-12,Yes,10,0,None,Jan,Sun,3,Present
EMP039,2025-01-13,Yes,10,1,None,Jan,Mon,3,Present
EMP039,2025-01-14,Yes,10,1,None,Jan,Tue,3,Present
EMP039,2025-01-15,Yes,8,1,None,Jan,Wed,3,Present
EMP039,2025-01-16,Yes,10,2,None,Jan,Thu,3,Present
EMP039,2025-01-17,Yes,8,1,None,Jan,Fri,3,Present
EMP039,2025-01-18,Yes,8,1,None,Jan,Sat,3,Present
EMP039,2025-01-19,Yes,8,2,None,Jan,Sun,4,Present
EMP039,2025-01-20,Yes,10,2,None,Jan,Mon,4,Present
EMP039,2025-01-21,Yes,10,0,None,Jan,Tue,4,Present
EMP039,2025-01-22,Yes,8,2,None,Jan,Wed,4,Present
EMP039,2025-01-23,Yes,10,0,None,Jan,Thu,4,Present
EMP039,2025-01-24,Yes,9,1,None,Jan,Fri,4,Present
EMP039,2025-01-25,No,0,0,Casual,Jan,Sat,4,Absent
EMP039,2025-01-26,Yes,9,1,None,Jan,Sun,5,Present
EMP039,2025-01-27,Yes,10,0,None,Jan,Mon,5,Present
EMP039,2025-01-28,Yes,9,1,None,Jan,Tue,5,Present
EMP039,2025-01-29,Yes,9,0,None,Jan,Wed,5,Present
EMP039,2025-01-30,No,0,0,Paid,Jan,Thu,5,Absent
EMP040,2025-01-01,Yes,10,2,None,Jan,Wed,1,Present
EMP040,2025-01-02,Yes,9,2,None,Jan,Thu,1,Present
EMP040,2025-01-03,Yes,10,2,None,Jan,Fri,1,Present
EMP040,2025-01-04,Yes,10,1,None,Jan,Sat,1,Present
EMP040,2025-01-05,Yes,10,0,None,Jan,Sun,2,Present
EMP040,2025-01-06,Yes,9,0,None,Jan,Mon,2,Present
EMP040,2025-01-07,Yes,9,1,None,Jan,Tue,2,Present
EMP040,2025-01-08,Yes,9,2,None,Jan,Wed,2,Present
EMP040,2025-01-09,No,0,0,Sick,Jan,Thu,2,Absent
EMP040,2025-01-10,Yes,8,0,None,Jan,Fri,2,Present
EMP040,2025-01-11,Yes,9,0,None,Jan,Sat,2,Present
EMP040,2025-01-12,Yes,8,1,None,Jan,Sun,3,Present
EMP040,2025-01-13,Yes,8,2,None,Jan,Mon,3,Present
EMP040,2025-01-14,Yes,9,2,None,Jan,Tue,3,Present
EMP040,2025-01-15,Yes,10,1,None,Jan,Wed,3,Present
EMP040,2025-01-16,Yes,10,0,None,Jan,Thu,3,Present
EMP040,2025-01-17,Yes,9,0,None,Jan,Fri,3,Present
EMP040,2025-01-18,Yes,8,2,None,Jan,Sat,3,Present
EMP040,2025-01-19,Yes,8,2,None,Jan,Sun,4,Present
EMP040,2025-01-20,Yes,10,0,None,Jan,Mon,4,Present
EMP040,2025-01-21,No,0,0,Casual,Jan,Tue,4,Absent
EMP040,2025-01-22,Yes,10,1,None,Jan,Wed,4,Present
EMP040,2025-01-23,Yes,10,2,None,Jan,Thu,4,Present
EMP040,2025-01-24,No,0,0,Paid,Jan,Fri,4,Absent
EMP040,2025-01-25,Yes,9,0,None,Jan,Sat,4,Present
EMP040,2025-01-26,Yes,10,1,None,Jan,Sun,5,Present
EMP040,2025-01-27,Yes,8,0,None,Jan,Mon,5,Present
EMP040,2025-01-28,Yes,10,0,None,Jan,Tue,5,Present
EMP040,2025-01-29,Yes,8,2,None,Jan,Wed,5,Present
EMP040,2025-01-30,Yes,9,0,None,Jan,Thu,5,Present
EMP041,2025-01-01,Yes,9,1,None,Jan,Wed,1,Present
EMP041,2025-01-02,Yes,8,0,None,Jan,Thu,1,Present
EMP041,2025-01-03,Yes,8,0,None,Jan,Fri,1,Present
EMP041,2025-01-04,No,0,0,Paid,Jan,Sat,1,Absent
EMP041,2025-01-05,Yes,10,2,None,Jan,Sun,2,Present
EMP041,2025-01-06,Yes,8,2,None,Jan,Mon,2,Present
EMP041,2025-01-07,Yes,9,2,None,Jan,Tue,2,Present
EMP041,2025-01-08,Yes,10,2,None,Jan,Wed,2,Present
EMP041,2025-01-09,Yes,8,1,None,Jan,Thu,2,Present
EMP041,2025-01-10,Yes,10,2,None,Jan,Fri,2,Present
EMP041,2025-01-11,Yes,10,2,None,Jan,Sat,2,Present
EMP041,2025-01-12,Yes,9,1,None,Jan,Sun,3,Present
EMP041,2025-01-13,Yes,10,2,None,Jan,Mon,3,Present
EMP041,2025-01-14,Yes,9,1,None,Jan,Tue,3,Present
EMP041,2025-01-15,Yes,10,2,None,Jan,Wed,3,Present
EMP041,2025-01-16,Yes,9,0,None,Jan,Thu,3,Present
EMP041,2025-01-17,Yes,8,0,None,Jan,Fri,3,Present
EMP041,2025-01-18,Yes,10,1,None,Jan,Sat,3,Present
EMP041,2025-01-19,Yes,8,2,None,Jan,Sun,4,Present
EMP041,2025-01-20,Yes,8,2,None,Jan,Mon,4,Present
EMP041,2025-01-21,Yes,10,0,None,Jan,Tue,4,Present
EMP041,2025-01-22,Yes,8,2,None,Jan,Wed,4,Present
EMP041,2025-01-23,Yes,9,1,None,Jan,Thu,4,Present
EMP041,2025-01-24,Yes,9,2,None,Jan,Fri,4,Present
EMP041,2025-01-25,Yes,9,2,None,Jan,Sat,4,Present
EMP041,2025-01-26,Yes,9,2,None,Jan,Sun,5,Present
EMP041,2025-01-27,Yes,10,1,None,Jan,Mon,5,Present
EMP041,2025-01-28,Yes,9,2,None,Jan,Tue,5,Present
EMP041,2025-01-29,Yes,9,0,None,Jan,Wed,5,Present
EMP041,2025-01-30,Yes,10,1,None,Jan,Thu,5,Present
EMP042,2025-01-01,Yes,9,2,None,Jan,Wed,1,Present
EMP042,2025-01-02,Yes,10,1,None,Jan,Thu,1,Present
EMP042,2025-01-03,Yes,10,0,None,Jan,Fri,1,Present
EMP042,2025-01-04,Yes,9,2,None,Jan,Sat,1,Present
EMP042,2025-01-05,Yes,8,0,None,Jan,Sun,2,Present
EMP042,2025-01-06,Yes,9,2,None,Jan,Mon,2,Present
EMP042,2025-01-07,Yes,10,2,None,Jan,Tue,2,Present
EMP042,2025-01-08,No,0,0,Casual,Jan,Wed,2,Absent
EMP042,2025-01-09,Yes,8,0,None,Jan,Thu,2,Present
EMP042,2025-01-10,Yes,9,2,None,Jan,Fri,2,Present
EMP042,2025-01-11,Yes,8,1,None,Jan,Sat,2,Present
EMP042,2025-01-12,Yes,8,2,None,Jan,Sun,3,Present
EMP042,2025-01-13,No,0,0,Casual,Jan,Mon,3,Absent
EMP042,2025-01-14,Yes,9,2,None,Jan,Tue,3,Present
EMP042,2025-01-15,Yes,9,2,None,Jan,Wed,3,Present
EMP042,2025-01-16,Yes,8,0,None,Jan,Thu,3,Present
EMP042,2025-01-17,Yes,9,0,None,Jan,Fri,3,Present
EMP042,2025-01-18,Yes,10,2,None,Jan,Sat,3,Present
EMP042,2025-01-19,Yes,8,2,None,Jan,Sun,4,Present
EMP042,2025-01-20,Yes,10,0,None,Jan,Mon,4,Present
EMP042,2025-01-21,Yes,10,0,None,Jan,Tue,4,Present
EMP042,2025-01-22,Yes,10,0,None,Jan,Wed,4,Present
EMP042,2025-01-23,Yes,8,1,None,Jan,Thu,4,Present
EMP042,2025-01-24,Yes,9,2,None,Jan,Fri,4,Present
EMP042,2025-01-25,Yes,10,0,None,Jan,Sat,4,Present
EMP042,2025-01-26,Yes,10,2,None,Jan,Sun,5,Present
EMP042,2025-01-27,No,0,0,Sick,Jan,Mon,5,Absent
EMP042,2025-01-28,Yes,10,2,None,Jan,Tue,5,Present
EMP042,2025-01-29,Yes,9,1,None,Jan,Wed,5,Present
EMP042,2025-01-30,Yes,9,0,None,Jan,Thu,5,Present
EMP043,2025-01-01,Yes,8,1,None,Jan,Wed,1,Present
EMP043,2025-01-02,Yes,10,0,None,Jan,Thu,1,Present
EMP043,2025-01-03,Yes,9,2,None,Jan,Fri,1,Present
EMP043,2025-01-04,Yes,8,2,None,Jan,Sat,1,Present
EMP043,2025-01-05,Yes,8,2,None,Jan,Sun,2,Present
EMP043,2025-01-06,Yes,10,2,None,Jan,Mon,2,Present
EMP043,2025-01-07,Yes,9,1,None,Jan,Tue,2,Present
EMP043,2025-01-08,Yes,8,1,None,Jan,Wed,2,Present
EMP043,2025-01-09,Yes,9,2,None,Jan,Thu,2,Present
EMP043,2025-01-10,Yes,10,0,None,Jan,Fri,2,Present
EMP043,2025-01-11,Yes,9,0,None,Jan,Sat,2,Present
EMP043,2025-01-12,Yes,8,2,None,Jan,Sun,3,Present
EMP043,2025-01-13,Yes,9,1,None,Jan,Mon,3,Present
EMP043,2025-01-14,Yes,10,2,None,Jan,Tue,3,Present
EMP043,2025-01-15,No,0,0,Casual,Jan,Wed,3,Absent
EMP043,2025-01-16,Yes,8,1,None,Jan,Thu,3,Present
EMP043,2025-01-17,Yes,9,0,None,Jan,Fri,3,Present
EMP043,2025-01-18,Yes,8,1,None,Jan,Sat,3,Present
EMP043,2025-01-19,Yes,8,2,None,Jan,Sun,4,Present
EMP043,2025-01-20,Yes,10,2,None,Jan,Mon,4,Present
EMP043,2025-01-21,Yes,8,1,None,Jan,Tue,4,Present
EMP043,2025-01-22,Yes,8,2,None,Jan,Wed,4,Present
EMP043,2025-01-23,Yes,9,0,None,Jan,Thu,4,Present
EMP043,2025-01-24,Yes,8,2,None,Jan,Fri,4,Present
EMP043,2025-01-25,Yes,8,0,None,Jan,Sat,4,Present
EMP043,2025-01-26,Yes,10,2,None,Jan,Sun,5,Present
EMP043,2025-01-27,Yes,8,2,None,Jan,Mon,5,Present
EMP043,2025-01-28,Yes,9,1,None,Jan,Tue,5,Present
EMP043,2025-01-29,Yes,9,2,None,Jan,Wed,5,Present
EMP043,2025-01-30,Yes,9,0,None,Jan,Thu,5,Present
EMP044,2025-01-01,Yes,10,1,None,Jan,Wed,1,Present
EMP044,2025-01-02,Yes,10,0,None,Jan,Thu,1,Present
EMP044,2025-01-03,No,0,0,Casual,Jan,Fri,1,Absent
EMP044,2025-01-04,Yes,10,0,None,Jan,Sat,1,Present
EMP044,2025-01-05,Yes,9,2,None,Jan,Sun,2,Present
EMP044,2025-01-06,Yes,9,0,None,Jan,Mon,2,Present
EMP044,2025-01-07,Yes,9,1,None,Jan,Tue,2,Present
EMP044,2025-01-08,Yes,8,2,None,Jan,Wed,2,Present
EMP044,2025-01-09,Yes,10,0,None,Jan,Thu,2,Present
EMP044,2025-01-10,Yes,10,1,None,Jan,Fri,2,Present
EMP044,2025-01-11,Yes,9,0,None,Jan,Sat,2,Present
EMP044,2025-01-12,Yes,10,1,None,Jan,Sun,3,Present
EMP044,2025-01-13,Yes,9,1,None,Jan,Mon,3,Present
EMP044,2025-01-14,Yes,10,1,None,Jan,Tue,3,Present
EMP044,2025-01-15,Yes,9,1,None,Jan,Wed,3,Present
EMP044,2025-01-16,Yes,10,0,None,Jan,Thu,3,Present
EMP044,2025-01-17,Yes,10,0,None,Jan,Fri,3,Present
EMP044,2025-01-18,Yes,10,1,None,Jan,Sat,3,Present
EMP044,2025-01-19,Yes,10,1,None,Jan,Sun,4,Present
EMP044,2025-01-20,Yes,8,0,None,Jan,Mon,4,Present
EMP044,2025-01-21,Yes,10,0,None,Jan,Tue,4,Present
EMP044,2025-01-22,Yes,8,0,None,Jan,Wed,4,Present
EMP044,2025-01-23,Yes,8,2,None,Jan,Thu,4,Present
EMP044,2025-01-24,Yes,10,1,None,Jan,Fri,4,Present
EMP044,2025-01-25,Yes,9,1,None,Jan,Sat,4,Present
EMP044,2025-01-26,Yes,10,0,None,Jan,Sun,5,Present
EMP044,2025-01-27,Yes,10,0,None,Jan,Mon,5,Present
EMP044,2025-01-28,No,0,0,Casual,Jan,Tue,5,Absent
EMP044,2025-01-29,Yes,10,0,None,Jan,Wed,5,Present
EMP044,2025-01-30,Yes,9,1,None,Jan,Thu,5,Present
EMP045,2025-01-01,Yes,10,2,None,Jan,Wed,1,Present
EMP045,2025-01-02,Yes,9,1,None,Jan,Thu,1,Present
EMP045,2025-01-03,No,0,0,Sick,Jan,Fri,1,Absent
EMP045,2025-01-04,Yes,10,2,None,Jan,Sat,1,Present
EMP045,2025-01-05,Yes,10,2,None,Jan,Sun,2,Present
EMP045,2025-01-06,Yes,8,1,None,Jan,Mon,2,Present
EMP045,2025-01-07,Yes,10,2,None,Jan,Tue,2,Present
EMP045,2025-01-08,Yes,10,1,None,Jan,Wed,2,Present
EMP045,2025-01-09,Yes,9,2,None,Jan,Thu,2,Present
EMP045,2025-01-10,Yes,10,0,None,Jan,Fri,2,Present
EMP045,2025-01-11,Yes,10,1,None,Jan,Sat,2,Present
EMP045,2025-01-12,Yes,10,2,None,Jan,Sun,3,Present
EMP045,2025-01-13,Yes,8,0,None,Jan,Mon,3,Present
EMP045,2025-01-14,Yes,8,1,None,Jan,Tue,3,Present
EMP045,2025-01-15,Yes,9,2,None,Jan,Wed,3,Present
EMP045,2025-01-16,Yes,10,1,None,Jan,Thu,3,Present
EMP045,2025-01-17,Yes,9,1,None,Jan,Fri,3,Present
EMP045,2025-01-18,Yes,10,1,None,Jan,Sat,3,Present
EMP045,2025-01-19,Yes,8,0,None,Jan,Sun,4,Present
EMP045,2025-01-20,Yes,8,2,None,Jan,Mon,4,Present
EMP045,2025-01-21,Yes,10,2,None,Jan,Tue,4,Present
EMP045,2025-01-22,Yes,8,0,None,Jan,Wed,4,Present
EMP045,2025-01-23,Yes,8,0,None,Jan,Thu,4,Present
EMP045,2025-01-24,Yes,9,2,None,Jan,Fri,4,Present
EMP045,2025-01-25,No,0,0,Casual,Jan,Sat,4,Absent
EMP045,2025-01-26,Yes,8,0,None,Jan,Sun,5,Present
EMP045,2025-01-27,Yes,8,0,None,Jan,Mon,5,Present
EMP045,2025-01-28,Yes,9,1,None,Jan,Tue,5,Present
EMP045,2025-01-29,Yes,10,1,None,Jan,Wed,5,Present
EMP045,2025-01-30,Yes,8,0,None,Jan,Thu,5,Present
EMP046,2025-01-01,Yes,8,0,None,Jan,Wed,1,Present
EMP046,2025-01-02,No,0,0,Casual,Jan,Thu,1,Absent
EMP046,2025-01-03,Yes,9,1,None,Jan,Fri,1,Present
EMP046,2025-01-04,Yes,10,1,None,Jan,Sat,1,Present
EMP046,2025-01-05,Yes,8,2,None,Jan,Sun,2,Present
EMP046,2025-01-06,Yes,10,2,None,Jan,Mon,2,Present
EMP046,2025-01-07,Yes,10,2,None,Jan,Tue,2,Present
EMP046,2025-01-08,Yes,9,2,None,Jan,Wed,2,Present
EMP046,2025-01-09,Yes,10,1,None,Jan,Thu,2,Present
EMP046,2025-01-10,Yes,9,2,None,Jan,Fri,2,Present
EMP046,2025-01-11,Yes,8,1,None,Jan,Sat,2,Present
EMP046,2025-01-12,Yes,9,1,None,Jan,Sun,3,Present
EMP046,2025-01-13,Yes,8,0,None,Jan,Mon,3,Present
EMP046,2025-01-14,Yes,8,1,None,Jan,Tue,3,Present
EMP046,2025-01-15,Yes,10,0,None,Jan,Wed,3,Present
EMP046,2025-01-16,Yes,9,1,None,Jan,Thu,3,Present
EMP046,2025-01-17,Yes,9,1,None,Jan,Fri,3,Present
EMP046,2025-01-18,Yes,8,2,None,Jan,Sat,3,Present
EMP046,2025-01-19,Yes,9,2,None,Jan,Sun,4,Present
EMP046,2025-01-20,Yes,8,0,None,Jan,Mon,4,Present
EMP046,2025-01-21,Yes,10,1,None,Jan,Tue,4,Present
EMP046,2025-01-22,Yes,8,1,None,Jan,Wed,4,Present
EMP046,2025-01-23,No,0,0,Paid,Jan,Thu,4,Absent
EMP046,2025-01-24,Yes,10,2,None,Jan,Fri,4,Present
EMP046,2025-01-25,Yes,9,2,None,Jan,Sat,4,Present
EMP046,2025-01-26,Yes,9,1,None,Jan,Sun,5,Present
EMP046,2025-01-27,Yes,8,0,None,Jan,Mon,5,Present
EMP046,2025-01-28,Yes,8,2,None,Jan,Tue,5,Present
EMP046,2025-01-29,Yes,9,1,None,Jan,Wed,5,Present
EMP046,2025-01-30,Yes,9,0,None,Jan,Thu,5,Present
EMP047,2025-01-01,Yes,8,0,None,Jan,Wed,1,Present
EMP047,2025-01-02,Yes,8,0,None,Jan,Thu,1,Present
EMP047,2025-01-03,Yes,9,1,None,Jan,Fri,1,Present
EMP047,2025-01-04,Yes,9,2,None,Jan,Sat,1,Present
EMP047,2025-01-05,No,0,0,Sick,Jan,Sun,2,Absent
EMP047,2025-01-06,Yes,9,0,None,Jan,Mon,2,Present
EMP047,2025-01-07,Yes,9,1,None,Jan,Tue,2,Present
EMP047,2025-01-08,Yes,9,2,None,Jan,Wed,2,Present
EMP047,2025-01-09,Yes,9,0,None,Jan,Thu,2,Present
EMP047,2025-01-10,Yes,8,0,None,Jan,Fri,2,Present
EMP047,2025-01-11,Yes,9,0,None,Jan,Sat,2,Present
EMP047,2025-01-12,Yes,8,0,None,Jan,Sun,3,Present
EMP047,2025-01-13,Yes,9,1,None,Jan,Mon,3,Present
EMP047,2025-01-14,Yes,8,2,None,Jan,Tue,3,Present
EMP047,2025-01-15,Yes,9,0,None,Jan,Wed,3,Present
EMP047,2025-01-16,Yes,8,0,None,Jan,Thu,3,Present
EMP047,2025-01-17,Yes,8,2,None,Jan,Fri,3,Present
EMP047,2025-01-18,Yes,8,1,None,Jan,Sat,3,Present
EMP047,2025-01-19,Yes,9,1,None,Jan,Sun,4,Present
EMP047,2025-01-20,Yes,10,0,None,Jan,Mon,4,Present
EMP047,2025-01-21,Yes,10,2,None,Jan,Tue,4,Present
EMP047,2025-01-22,Yes,9,2,None,Jan,Wed,4,Present
EMP047,2025-01-23,Yes,9,0,None,Jan,Thu,4,Present
EMP047,2025-01-24,Yes,8,0,None,Jan,Fri,4,Present
EMP047,2025-01-25,Yes,9,1,None,Jan,Sat,4,Present
EMP047,2025-01-26,No,0,0,Casual,Jan,Sun,5,Absent
EMP047,2025-01-27,Yes,9,0,None,Jan,Mon,5,Present
EMP047,2025-01-28,No,0,0,Sick,Jan,Tue,5,Absent
EMP047,2025-01-29,Yes,10,1,None,Jan,Wed,5,Present
EMP047,2025-01-30,Yes,8,1,None,Jan,Thu,5,Present
EMP048,2025-01-01,Yes,8,0,None,Jan,Wed,1,Present
EMP048,2025-01-02,Yes,10,2,None,Jan,Thu,1,Present
EMP048,2025-01-03,Yes,10,0,None,Jan,Fri,1,Present
EMP048,2025-01-04,No,0,0,Paid,Jan,Sat,1,Absent
EMP048,2025-01-05,Yes,10,0,None,Jan,Sun,2,Present
EMP048,2025-01-06,Yes,8,1,None,Jan,Mon,2,Present
EMP048,2025-01-07,Yes,10,1,None,Jan,Tue,2,Present
EMP048,2025-01-08,Yes,9,2,None,Jan,Wed,2,Present
EMP048,2025-01-09,Yes,10,1,None,Jan,Thu,2,Present
EMP048,2025-01-10,Yes,8,1,None,Jan,Fri,2,Present
EMP048,2025-01-11,Yes,9,2,None,Jan,Sat,2,Present
EMP048,2025-01-12,Yes,9,2,None,Jan,Sun,3,Present
EMP048,2025-01-13,Yes,8,2,None,Jan,Mon,3,Present
EMP048,2025-01-14,Yes,9,1,None,Jan,Tue,3,Present
EMP048,2025-01-15,Yes,9,2,None,Jan,Wed,3,Present
EMP048,2025-01-16,Yes,10,0,None,Jan,Thu,3,Present
EMP048,2025-01-17,No,0,0,Sick,Jan,Fri,3,Absent
EMP048,2025-01-18,Yes,9,2,None,Jan,Sat,3,Present
EMP048,2025-01-19,Yes,8,2,None,Jan,Sun,4,Present
EMP048,2025-01-20,Yes,10,0,None,Jan,Mon,4,Present
EMP048,2025-01-21,Yes,10,1,None,Jan,Tue,4,Present
EMP048,2025-01-22,Yes,8,1,None,Jan,Wed,4,Present
EMP048,2025-01-23,Yes,10,2,None,Jan,Thu,4,Present
EMP048,2025-01-24,Yes,8,2,None,Jan,Fri,4,Present
EMP048,2025-01-25,Yes,10,0,None,Jan,Sat,4,Present
EMP048,2025-01-26,Yes,9,1,None,Jan,Sun,5,Present
EMP048,2025-01-27,Yes,8,0,None,Jan,Mon,5,Present
EMP048,2025-01-28,Yes,8,0,None,Jan,Tue,5,Present
EMP048,2025-01-29,Yes,8,0,None,Jan,Wed,5,Present
EMP048,2025-01-30,Yes,8,0,None,Jan,Thu,5,Present
EMP049,2025-01-01,Yes,8,0,None,Jan,Wed,1,Present
EMP049,2025-01-02,Yes,9,2,None,Jan,Thu,1,Present
EMP049,2025-01-03,Yes,10,2,None,Jan,Fri,1,Present
EMP049,2025-01-04,Yes,8,1,None,Jan,Sat,1,Present
EMP049,2025-01-05,Yes,10,0,None,Jan,Sun,2,Present
EMP049,2025-01-06,No,0,0,Sick,Jan,Mon,2,Absent
EMP049,2025-01-07,Yes,8,1,None,Jan,Tue,2,Present
EMP049,2025-01-08,Yes,8,1,None,Jan,Wed,2,Present
EMP049,2025-01-09,Yes,9,1,None,Jan,Thu,2,Present
EMP049,2025-01-10,Yes,8,2,None,Jan,Fri,2,Present
EMP049,2025-01-11,Yes,8,2,None,Jan,Sat,2,Present
EMP049,2025-01-12,No,0,0,Casual,Jan,Sun,3,Absent
EMP049,2025-01-13,No,0,0,Sick,Jan,Mon,3,Absent
EMP049,2025-01-14,Yes,8,0,None,Jan,Tue,3,Present
EMP049,2025-01-15,Yes,10,1,None,Jan,Wed,3,Present
EMP049,2025-01-16,Yes,10,2,None,Jan,Thu,3,Present
EMP049,2025-01-17,Yes,10,0,None,Jan,Fri,3,Present
EMP049,2025-01-18,Yes,10,1,None,Jan,Sat,3,Present
EMP049,2025-01-19,Yes,10,2,None,Jan,Sun,4,Present
EMP049,2025-01-20,Yes,9,2,None,Jan,Mon,4,Present
EMP049,2025-01-21,Yes,8,0,None,Jan,Tue,4,Present
EMP049,2025-01-22,Yes,10,1,None,Jan,Wed,4,Present
EMP049,2025-01-23,Yes,10,0,None,Jan,Thu,4,Present
EMP049,2025-01-24,Yes,10,1,None,Jan,Fri,4,Present
EMP049,2025-01-25,Yes,9,2,None,Jan,Sat,4,Present
EMP049,2025-01-26,Yes,9,1,None,Jan,Sun,5,Present
EMP049,2025-01-27,Yes,10,1,None,Jan,Mon,5,Present
EMP049,2025-01-28,Yes,9,2,None,Jan,Tue,5,Present
EMP049,2025-01-29,Yes,10,0,None,Jan,Wed,5,Present
EMP049,2025-01-30,Yes,10,2,None,Jan,Thu,5,Present
EMP050,2025-01-01,Yes,9,1,None,Jan,Wed,1,Present
EMP050,2025-01-02,Yes,8,2,None,Jan,Thu,1,Present
EMP050,2025-01-03,No,0,0,Casual,Jan,Fri,1,Absent
EMP050,2025-01-04,Yes,10,0,None,Jan,Sat,1,Present
EMP050,2025-01-05,Yes,9,0,None,Jan,Sun,2,Present
EMP050,2025-01-06,Yes,8,0,None,Jan,Mon,2,Present
EMP050,2025-01-07,Yes,8,2,None,Jan,Tue,2,Present
EMP050,2025-01-08,Yes,10,2,None,Jan,Wed,2,Present
EMP050,2025-01-09,Yes,10,0,None,Jan,Thu,2,Present
EMP050,2025-01-10,Yes,9,1,None,Jan,Fri,2,Present
EMP050,2025-01-11,Yes,9,1,None,Jan,Sat,2,Present
EMP050,2025-01-12,Yes,8,0,None,Jan,Sun,3,Present
EMP050,2025-01-13,Yes,9,0,None,Jan,Mon,3,Present
EMP050,2025-01-14,Yes,10,0,None,Jan,Tue,3,Present
EMP050,2025-01-15,Yes,10,1,None,Jan,Wed,3,Present
EMP050,2025-01-16,Yes,8,1,None,Jan,Thu,3,Present
EMP050,2025-01-17,Yes,10,2,None,Jan,Fri,3,Present
EMP050,2025-01-18,Yes,8,2,None,Jan,Sat,3,Present
EMP050,2025-01-19,Yes,8,2,None,Jan,Sun,4,Present
EMP050,2025-01-20,Yes,9,0,None,Jan,Mon,4,Present
EMP050,2025-01-21,Yes,9,1,None,Jan,Tue,4,Present
EMP050,2025-01-22,Yes,9,1,None,Jan,Wed,4,Present
EMP050,2025-01-23,Yes,8,0,None,Jan,Thu,4,Present
EMP050,2025-01-24,Yes,10,0,None,Jan,Fri,4,Present
EMP050,2025-01-25,Yes,10,1,None,Jan,Sat,4,Present
EMP050,2025-01-26,No,0,0,Paid,Jan,Sun,5,Absent
EMP050,2025-01-27,No,0,0,Paid,Jan,Mon,5,Absent
EMP050,2025-01-28,Yes,9,2,None,Jan,Tue,5,Present
EMP050,2025-01-29,Yes,8,0,None,Jan,Wed,5,Present
EMP050,2025-01-30,Yes,9,1,None,Jan,Thu,5,Present
EMP051,2025-01-01,Yes,10,2,None,Jan,Wed,1,Present
EMP051,2025-01-02,Yes,9,1,None,Jan,Thu,1,Present
EMP051,2025-01-03,Yes,8,0,None,Jan,Fri,1,Present
EMP051,2025-01-04,Yes,9,2,None,Jan,Sat,1,Present
EMP051,2025-01-05,Yes,10,1,None,Jan,Sun,2,Present
EMP051,2025-01-06,Yes,9,2,None,Jan,Mon,2,Present
EMP051,2025-01-07,Yes,10,0,None,Jan,Tue,2,Present
EMP051,2025-01-08,Yes,9,2,None,Jan,Wed,2,Present
EMP051,2025-01-09,Yes,9,2,None,Jan,Thu,2,Present
EMP051,2025-01-10,Yes,10,2,None,Jan,Fri,2,Present
EMP051,2025-01-11,Yes,10,0,None,Jan,Sat,2,Present
EMP051,2025-01-12,Yes,9,1,None,Jan,Sun,3,Present
EMP051,2025-01-13,Yes,10,0,None,Jan,Mon,3,Present
EMP051,2025-01-14,Yes,9,1,None,Jan,Tue,3,Present
EMP051,2025-01-15,Yes,8,1,None,Jan,Wed,3,Present
EMP051,2025-01-16,Yes,10,0,None,Jan,Thu,3,Present
EMP051,2025-01-17,Yes,8,1,None,Jan,Fri,3,Present
EMP051,2025-01-18,Yes,9,2,None,Jan,Sat,3,Present
EMP051,2025-01-19,Yes,8,0,None,Jan,Sun,4,Present
EMP051,2025-01-20,Yes,9,0,None,Jan,Mon,4,Present
EMP051,2025-01-21,Yes,8,0,None,Jan,Tue,4,Present
EMP051,2025-01-22,Yes,8,2,None,Jan,Wed,4,Present
EMP051,2025-01-23,Yes,9,0,None,Jan,Thu,4,Present
EMP051,2025-01-24,Yes,8,1,None,Jan,Fri,4,Present
EMP051,2025-01-25,Yes,8,1,None,Jan,Sat,4,Present
EMP051,2025-01-26,Yes,10,0,None,Jan,Sun,5,Present
EMP051,2025-01-27,Yes,10,1,None,Jan,Mon,5,Present
EMP051,2025-01-28,Yes,10,2,None,Jan,Tue,5,Present
EMP051,2025-01-29,Yes,10,2,None,Jan,Wed,5,Present
EMP051,2025-01-30,Yes,9,2,None,Jan,Thu,5,Present
EMP052,2025-01-01,Yes,10,0,None,Jan,Wed,1,Present
EMP052,2025-01-02,Yes,8,1,None,Jan,Thu,1,Present
EMP052,2025-01-03,Yes,10,2,None,Jan,Fri,1,Present
EMP052,2025-01-04,Yes,9,2,None,Jan,Sat,1,Present
EMP052,2025-01-05,Yes,8,1,None,Jan,Sun,2,Present
EMP052,2025-01-06,Yes,10,2,None,Jan,Mon,2,Present
EMP052,2025-01-07,Yes,8,0,None,Jan,Tue,2,Present
EMP052,2025-01-08,Yes,10,1,None,Jan,Wed,2,Present
EMP052,2025-01-09,Yes,9,2,None,Jan,Thu,2,Present
EMP052,2025-01-10,Yes,8,1,None,Jan,Fri,2,Present
EMP052,2025-01-11,Yes,10,2,None,Jan,Sat,2,Present
EMP052,2025-01-12,Yes,8,2,None,Jan,Sun,3,Present
EMP052,2025-01-13,Yes,10,2,None,Jan,Mon,3,Present
EMP052,2025-01-14,No,0,0,Sick,Jan,Tue,3,Absent
EMP052,2025-01-15,Yes,9,1,None,Jan,Wed,3,Present
EMP052,2025-01-16,Yes,10,0,None,Jan,Thu,3,Present
EMP052,2025-01-17,No,0,0,Paid,Jan,Fri,3,Absent
EMP052,2025-01-18,Yes,10,1,None,Jan,Sat,3,Present
EMP052,2025-01-19,Yes,10,1,None,Jan,Sun,4,Present
EMP052,2025-01-20,Yes,10,1,None,Jan,Mon,4,Present
EMP052,2025-01-21,Yes,8,2,None,Jan,Tue,4,Present
EMP052,2025-01-22,Yes,8,0,None,Jan,Wed,4,Present
EMP052,2025-01-23,Yes,9,2,None,Jan,Thu,4,Present
EMP052,2025-01-24,Yes,10,1,None,Jan,Fri,4,Present
EMP052,2025-01-25,Yes,10,2,None,Jan,Sat,4,Present
EMP052,2025-01-26,Yes,10,0,None,Jan,Sun,5,Present
EMP052,2025-01-27,Yes,10,0,None,Jan,Mon,5,Present
EMP052,2025-01-28,Yes,9,2,None,Jan,Tue,5,Present
EMP052,2025-01-29,Yes,10,0,None,Jan,Wed,5,Present
EMP052,2025-01-30,Yes,8,2,None,Jan,Thu,5,Present
EMP053,2025-01-01,Yes,8,0,None,Jan,Wed,1,Present
EMP053,2025-01-02,Yes,10,2,None,Jan,Thu,1,Present
EMP053,2025-01-03,Yes,9,0,None,Jan,Fri,1,Present
EMP053,2025-01-04,Yes,10,0,None,Jan,Sat,1,Present
EMP053,2025-01-05,Yes,10,2,None,Jan,Sun,2,Present
EMP053,2025-01-06,Yes,8,0,None,Jan,Mon,2,Present
EMP053,2025-01-07,Yes,8,2,None,Jan,Tue,2,Present
EMP053,2025-01-08,No,0,0,Casual,Jan,Wed,2,Absent
EMP053,2025-01-09,Yes,9,1,None,Jan,Thu,2,Present
EMP053,2025-01-10,Yes,10,2,None,Jan,Fri,2,Present
EMP053,2025-01-11,Yes,9,0,None,Jan,Sat,2,Present
EMP053,2025-01-12,Yes,8,0,None,Jan,Sun,3,Present
EMP053,2025-01-13,Yes,10,2,None,Jan,Mon,3,Present
EMP053,2025-01-14,Yes,10,2,None,Jan,Tue,3,Present
EMP053,2025-01-15,Yes,8,0,None,Jan,Wed,3,Present
EMP053,2025-01-16,Yes,9,0,None,Jan,Thu,3,Present
EMP053,2025-01-17,Yes,9,0,None,Jan,Fri,3,Present
EMP053,2025-01-18,Yes,10,1,None,Jan,Sat,3,Present
EMP053,2025-01-19,Yes,9,0,None,Jan,Sun,4,Present
EMP053,2025-01-20,Yes,9,1,None,Jan,Mon,4,Present
EMP053,2025-01-21,Yes,8,0,None,Jan,Tue,4,Present
EMP053,2025-01-22,No,0,0,Sick,Jan,Wed,4,Absent
EMP053,2025-01-23,Yes,9,0,None,Jan,Thu,4,Present
EMP053,2025-01-24,Yes,8,0,None,Jan,Fri,4,Present
EMP053,2025-01-25,No,0,0,Casual,Jan,Sat,4,Absent
EMP053,2025-01-26,Yes,9,2,None,Jan,Sun,5,Present
EMP053,2025-01-27,Yes,9,0,None,Jan,Mon,5,Present
EMP053,2025-01-28,Yes,8,2,None,Jan,Tue,5,Present
EMP053,2025-01-29,Yes,9,2,None,Jan,Wed,5,Present
EMP053,2025-01-30,Yes,10,2,None,Jan,Thu,5,Present
EMP054,2025-01-01,Yes,10,2,None,Jan,Wed,1,Present
EMP054,2025-01-02,Yes,10,0,None,Jan,Thu,1,Present
EMP054,2025-01-03,Yes,9,1,None,Jan,Fri,1,Present
EMP054,2025-01-04,Yes,8,0,None,Jan,Sat,1,Present
EMP054,2025-01-05,Yes,9,2,None,Jan,Sun,2,Present
EMP054,2025-01-06,No,0,0,Casual,Jan,Mon,2,Absent
EMP054,2025-01-07,Yes,10,0,None,Jan,Tue,2,Present
EMP054,2025-01-08,Yes,9,1,None,Jan,Wed,2,Present
EMP054,2025-01-09,Yes,9,1,None,Jan,Thu,2,Present
EMP054,2025-01-10,Yes,9,2,None,Jan,Fri,2,Present
EMP054,2025-01-11,Yes,10,2,None,Jan,Sat,2,Present
EMP054,2025-01-12,Yes,9,2,None,Jan,Sun,3,Present
EMP054,2025-01-13,Yes,10,2,None,Jan,Mon,3,Present
EMP054,2025-01-14,Yes,10,2,None,Jan,Tue,3,Present
EMP054,2025-01-15,Yes,9,1,None,Jan,Wed,3,Present
EMP054,2025-01-16,Yes,8,0,None,Jan,Thu,3,Present
EMP054,2025-01-17,Yes,10,0,None,Jan,Fri,3,Present
EMP054,2025-01-18,Yes,8,1,None,Jan,Sat,3,Present
EMP054,2025-01-19,Yes,10,2,None,Jan,Sun,4,Present
EMP054,2025-01-20,Yes,10,2,None,Jan,Mon,4,Present
EMP054,2025-01-21,Yes,8,2,None,Jan,Tue,4,Present
EMP054,2025-01-22,Yes,9,0,None,Jan,Wed,4,Present
EMP054,2025-01-23,Yes,9,2,None,Jan,Thu,4,Present
EMP054,2025-01-24,Yes,10,2,None,Jan,Fri,4,Present
EMP054,2025-01-25,Yes,9,2,None,Jan,Sat,4,Present
EMP054,2025-01-26,Yes,8,1,None,Jan,Sun,5,Present
EMP054,2025-01-27,Yes,10,0,None,Jan,Mon,5,Present
EMP054,2025-01-28,Yes,8,0,None,Jan,Tue,5,Present
EMP054,2025-01-29,Yes,8,1,None,Jan,Wed,5,Present
EMP054,2025-01-30,Yes,10,1,None,Jan,Thu,5,Present
EMP055,2025-01-01,Yes,8,0,None,Jan,Wed,1,Present
EMP055,2025-01-02,Yes,8,0,None,Jan,Thu,1,Present
EMP055,2025-01-03,Yes,9,0,None,Jan,Fri,1,Present
EMP055,2025-01-04,Yes,9,2,None,Jan,Sat,1,Present
EMP055,2025-01-05,Yes,10,1,None,Jan,Sun,2,Present
EMP055,2025-01-06,Yes,10,2,None,Jan,Mon,2,Present
EMP055,2025-01-07,Yes,9,1,None,Jan,Tue,2,Present
EMP055,2025-01-08,No,0,0,Paid,Jan,Wed,2,Absent
EMP055,2025-01-09,No,0,0,Paid,Jan,Thu,2,Absent
EMP055,2025-01-10,Yes,10,2,None,Jan,Fri,2,Present
EMP055,2025-01-11,Yes,8,0,None,Jan,Sat,2,Present
EMP055,2025-01-12,Yes,8,2,None,Jan,Sun,3,Present
EMP055,2025-01-13,Yes,8,0,None,Jan,Mon,3,Present
EMP055,2025-01-14,Yes,10,1,None,Jan,Tue,3,Present
EMP055,2025-01-15,Yes,8,0,None,Jan,Wed,3,Present
EMP055,2025-01-16,Yes,8,0,None,Jan,Thu,3,Present
EMP055,2025-01-17,Yes,10,2,None,Jan,Fri,3,Present
EMP055,2025-01-18,Yes,10,2,None,Jan,Sat,3,Present
EMP055,2025-01-19,Yes,8,1,None,Jan,Sun,4,Present
EMP055,2025-01-20,Yes,9,0,None,Jan,Mon,4,Present
EMP055,2025-01-21,Yes,9,1,None,Jan,Tue,4,Present
EMP055,2025-01-22,Yes,9,0,None,Jan,Wed,4,Present
EMP055,2025-01-23,Yes,10,0,None,Jan,Thu,4,Present
EMP055,2025-01-24,Yes,8,0,None,Jan,Fri,4,Present
EMP055,2025-01-25,Yes,9,1,None,Jan,Sat,4,Present
EMP055,2025-01-26,Yes,10,0,None,Jan,Sun,5,Present
EMP055,2025-01-27,Yes,10,0,None,Jan,Mon,5,Present
EMP055,2025-01-28,Yes,10,2,None,Jan,Tue,5,Present
EMP055,2025-01-29,Yes,8,1,None,Jan,Wed,5,Present
EMP055,2025-01-30,Yes,10,2,None,Jan,Thu,5,Present
EMP056,2025-01-01,Yes,10,1,None,Jan,Wed,1,Present
EMP056,2025-01-02,Yes,10,2,None,Jan,Thu,1,Present
EMP056,2025-01-03,Yes,8,2,None,Jan,Fri,1,Present
EMP056,2025-01-04,Yes,10,2,None,Jan,Sat,1,Present
EMP056,2025-01-05,Yes,9,0,None,Jan,Sun,2,Present
EMP056,2025-01-06,Yes,8,2,None,Jan,Mon,2,Present
EMP056,2025-01-07,Yes,8,0,None,Jan,Tue,2,Present
EMP056,2025-01-08,Yes,9,2,None,Jan,Wed,2,Present
EMP056,2025-01-09,Yes,10,0,None,Jan,Thu,2,Present
EMP056,2025-01-10,Yes,9,1,None,Jan,Fri,2,Present
EMP056,2025-01-11,No,0,0,Casual,Jan,Sat,2,Absent
EMP056,2025-01-12,Yes,10,0,None,Jan,Sun,3,Present
EMP056,2025-01-13,No,0,0,Sick,Jan,Mon,3,Absent
EMP056,2025-01-14,Yes,9,0,None,Jan,Tue,3,Present
EMP056,2025-01-15,Yes,10,2,None,Jan,Wed,3,Present
EMP056,2025-01-16,Yes,8,0,None,Jan,Thu,3,Present
EMP056,2025-01-17,Yes,9,1,None,Jan,Fri,3,Present
EMP056,2025-01-18,Yes,10,0,None,Jan,Sat,3,Present
EMP056,2025-01-19,Yes,8,1,None,Jan,Sun,4,Present
EMP056,2025-01-20,Yes,10,1,None,Jan,Mon,4,Present
EMP056,2025-01-21,Yes,8,2,None,Jan,Tue,4,Present
EMP056,2025-01-22,Yes,8,2,None,Jan,Wed,4,Present
EMP056,2025-01-23,Yes,10,1,None,Jan,Thu,4,Present
EMP056,2025-01-24,Yes,9,2,None,Jan,Fri,4,Present
EMP056,2025-01-25,No,0,0,Paid,Jan,Sat,4,Absent
EMP056,2025-01-26,Yes,10,2,None,Jan,Sun,5,Present
EMP056,2025-01-27,Yes,10,0,None,Jan,Mon,5,Present
EMP056,2025-01-28,Yes,10,1,None,Jan,Tue,5,Present
EMP056,2025-01-29,Yes,9,0,None,Jan,Wed,5,Present
EMP056,2025-01-30,Yes,9,0,None,Jan,Thu,5,Present
EMP057,2025-01-01,Yes,9,2,None,Jan,Wed,1,Present
EMP057,2025-01-02,Yes,8,2,None,Jan,Thu,1,Present
EMP057,2025-01-03,Yes,8,2,None,Jan,Fri,1,Present
EMP057,2025-01-04,Yes,9,2,None,Jan,Sat,1,Present
EMP057,2025-01-05,Yes,10,0,None,Jan,Sun,2,Present
EMP057,2025-01-06,Yes,8,1,None,Jan,Mon,2,Present
EMP057,2025-01-07,Yes,9,1,None,Jan,Tue,2,Present
EMP057,2025-01-08,Yes,9,0,None,Jan,Wed,2,Present
EMP057,2025-01-09,Yes,8,0,None,Jan,Thu,2,Present
EMP057,2025-01-10,Yes,8,0,None,Jan,Fri,2,Present
EMP057,2025-01-11,Yes,9,2,None,Jan,Sat,2,Present
EMP057,2025-01-12,No,0,0,Casual,Jan,Sun,3,Absent
EMP057,2025-01-13,Yes,8,0,None,Jan,Mon,3,Present
EMP057,2025-01-14,Yes,9,2,None,Jan,Tue,3,Present
EMP057,2025-01-15,Yes,9,1,None,Jan,Wed,3,Present
EMP057,2025-01-16,Yes,8,2,None,Jan,Thu,3,Present
EMP057,2025-01-17,Yes,8,0,None,Jan,Fri,3,Present
EMP057,2025-01-18,Yes,9,1,None,Jan,Sat,3,Present
EMP057,2025-01-19,Yes,10,0,None,Jan,Sun,4,Present
EMP057,2025-01-20,No,0,0,Sick,Jan,Mon,4,Absent
EMP057,2025-01-21,Yes,10,0,None,Jan,Tue,4,Present
EMP057,2025-01-22,Yes,8,0,None,Jan,Wed,4,Present
EMP057,2025-01-23,Yes,10,2,None,Jan,Thu,4,Present
EMP057,2025-01-24,Yes,10,1,None,Jan,Fri,4,Present
EMP057,2025-01-25,Yes,8,1,None,Jan,Sat,4,Present
EMP057,2025-01-26,Yes,9,1,None,Jan,Sun,5,Present
EMP057,2025-01-27,Yes,9,2,None,Jan,Mon,5,Present
EMP057,2025-01-28,Yes,8,0,None,Jan,Tue,5,Present
EMP057,2025-01-29,Yes,8,2,None,Jan,Wed,5,Present
EMP057,2025-01-30,Yes,8,0,None,Jan,Thu,5,Present
EMP058,2025-01-01,Yes,10,1,None,Jan,Wed,1,Present
EMP058,2025-01-02,Yes,10,1,None,Jan,Thu,1,Present
EMP058,2025-01-03,Yes,8,0,None,Jan,Fri,1,Present
EMP058,2025-01-04,Yes,9,2,None,Jan,Sat,1,Present
EMP058,2025-01-05,Yes,8,0,None,Jan,Sun,2,Present
EMP058,2025-01-06,Yes,10,0,None,Jan,Mon,2,Present
EMP058,2025-01-07,Yes,8,0,None,Jan,Tue,2,Present
EMP058,2025-01-08,Yes,8,2,None,Jan,Wed,2,Present
EMP058,2025-01-09,Yes,10,2,None,Jan,Thu,2,Present
EMP058,2025-01-10,Yes,10,1,None,Jan,Fri,2,Present
EMP058,2025-01-11,Yes,9,1,None,Jan,Sat,2,Present
EMP058,2025-01-12,Yes,10,2,None,Jan,Sun,3,Present
EMP058,2025-01-13,Yes,8,1,None,Jan,Mon,3,Present
EMP058,2025-01-14,Yes,8,2,None,Jan,Tue,3,Present
EMP058,2025-01-15,Yes,9,1,None,Jan,Wed,3,Present
EMP058,2025-01-16,Yes,10,1,None,Jan,Thu,3,Present
EMP058,2025-01-17,Yes,8,0,None,Jan,Fri,3,Present
EMP058,2025-01-18,Yes,10,1,None,Jan,Sat,3,Present
EMP058,2025-01-19,Yes,9,0,None,Jan,Sun,4,Present
EMP058,2025-01-20,Yes,10,1,None,Jan,Mon,4,Present
EMP058,2025-01-21,Yes,9,1,None,Jan,Tue,4,Present
EMP058,2025-01-22,Yes,8,1,None,Jan,Wed,4,Present
EMP058,2025-01-23,Yes,9,1,None,Jan,Thu,4,Present
EMP058,2025-01-24,Yes,9,1,None,Jan,Fri,4,Present
EMP058,2025-01-25,Yes,8,2,None,Jan,Sat,4,Present
EMP058,2025-01-26,Yes,10,0,None,Jan,Sun,5,Present
EMP058,2025-01-27,Yes,10,0,None,Jan,Mon,5,Present
EMP058,2025-01-28,Yes,10,1,None,Jan,Tue,5,Present
EMP058,2025-01-29,Yes,9,0,None,Jan,Wed,5,Present
EMP058,2025-01-30,Yes,10,0,None,Jan,Thu,5,Present
EMP059,2025-01-01,Yes,9,0,None,Jan,Wed,1,Present
EMP059,2025-01-02,Yes,10,2,None,Jan,Thu,1,Present
EMP059,2025-01-03,Yes,9,2,None,Jan,Fri,1,Present
EMP059,2025-01-04,Yes,10,2,None,Jan,Sat,1,Present
EMP059,2025-01-05,Yes,10,2,None,Jan,Sun,2,Present
EMP059,2025-01-06,No,0,0,Paid,Jan,Mon,2,Absent
EMP059,2025-01-07,Yes,9,0,None,Jan,Tue,2,Present
EMP059,2025-01-08,Yes,9,1,None,Jan,Wed,2,Present
EMP059,2025-01-09,Yes,9,0,None,Jan,Thu,2,Present
EMP059,2025-01-10,Yes,9,0,None,Jan,Fri,2,Present
EMP059,2025-01-11,Yes,10,2,None,Jan,Sat,2,Present
EMP059,2025-01-12,Yes,9,1,None,Jan,Sun,3,Present
EMP059,2025-01-13,Yes,10,0,None,Jan,Mon,3,Present
EMP059,2025-01-14,Yes,8,2,None,Jan,Tue,3,Present
EMP059,2025-01-15,Yes,10,0,None,Jan,Wed,3,Present
EMP059,2025-01-16,Yes,10,0,None,Jan,Thu,3,Present
EMP059,2025-01-17,Yes,9,1,None,Jan,Fri,3,Present
EMP059,2025-01-18,Yes,9,0,None,Jan,Sat,3,Present
EMP059,2025-01-19,Yes,9,1,None,Jan,Sun,4,Present
EMP059,2025-01-20,Yes,10,1,None,Jan,Mon,4,Present
EMP059,2025-01-21,Yes,9,2,None,Jan,Tue,4,Present
EMP059,2025-01-22,Yes,9,0,None,Jan,Wed,4,Present
EMP059,2025-01-23,Yes,10,2,None,Jan,Thu,4,Present
EMP059,2025-01-24,Yes,8,1,None,Jan,Fri,4,Present
EMP059,2025-01-25,No,0,0,Paid,Jan,Sat,4,Absent
EMP059,2025-01-26,Yes,8,2,None,Jan,Sun,5,Present
EMP059,2025-01-27,Yes,9,0,None,Jan,Mon,5,Present
EMP059,2025-01-28,Yes,8,0,None,Jan,Tue,5,Present
EMP059,2025-01-29,Yes,10,1,None,Jan,Wed,5,Present
EMP059,2025-01-30,Yes,10,1,None,Jan,Thu,5,Present
EMP060,2025-01-01,Yes,9,2,None,Jan,Wed,1,Present
EMP060,2025-01-02,Yes,8,1,None,Jan,Thu,1,Present
EMP060,2025-01-03,Yes,10,1,None,Jan,Fri,1,Present
EMP060,2025-01-04,Yes,9,1,None,Jan,Sat,1,Present
EMP060,2025-01-05,Yes,10,0,None,Jan,Sun,2,Present
EMP060,2025-01-06,Yes,8,2,None,Jan,Mon,2,Present
EMP060,2025-01-07,No,0,0,Paid,Jan,Tue,2,Absent
EMP060,2025-01-08,Yes,10,1,None,Jan,Wed,2,Present
EMP060,2025-01-09,Yes,8,0,None,Jan,Thu,2,Present
EMP060,2025-01-10,Yes,9,1,None,Jan,Fri,2,Present
EMP060,2025-01-11,Yes,10,2,None,Jan,Sat,2,Present
EMP060,2025-01-12,Yes,10,0,None,Jan,Sun,3,Present
EMP060,2025-01-13,Yes,9,2,None,Jan,Mon,3,Present
EMP060,2025-01-14,Yes,9,1,None,Jan,Tue,3,Present
EMP060,2025-01-15,Yes,9,2,None,Jan,Wed,3,Present
EMP060,2025-01-16,No,0,0,Casual,Jan,Thu,3,Absent
EMP060,2025-01-17,Yes,8,2,None,Jan,Fri,3,Present
EMP060,2025-01-18,Yes,9,2,None,Jan,Sat,3,Present
EMP060,2025-01-19,Yes,8,0,None,Jan,Sun,4,Present
EMP060,2025-01-20,Yes,10,1,None,Jan,Mon,4,Present
EMP060,2025-01-21,Yes,9,2,None,Jan,Tue,4,Present
EMP060,2025-01-22,Yes,10,2,None,Jan,Wed,4,Present
EMP060,2025-01-23,Yes,9,1,None,Jan,Thu,4,Present
EMP060,2025-01-24,Yes,10,2,None,Jan,Fri,4,Present
EMP060,2025-01-25,Yes,9,2,None,Jan,Sat,4,Present
EMP060,2025-01-26,Yes,10,0,None,Jan,Sun,5,Present
EMP060,2025-01-27,Yes,10,2,None,Jan,Mon,5,Present
EMP060,2025-01-28,Yes,8,1,None,Jan,Tue,5,Present
EMP060,2025-01-29,Yes,8,1,None,Jan,Wed,5,Present
EMP060,2025-01-30,Yes,9,2,None,Jan,Thu,5,Present
EMP061,2025-01-01,Yes,9,1,None,Jan,Wed,1,Present
EMP061,2025-01-02,Yes,9,1,None,Jan,Thu,1,Present
EMP061,2025-01-03,Yes,10,2,None,Jan,Fri,1,Present
EMP061,2025-01-04,Yes,10,2,None,Jan,Sat,1,Present
EMP061,2025-01-05,Yes,10,1,None,Jan,Sun,2,Present
EMP061,2025-01-06,Yes,10,0,None,Jan,Mon,2,Present
EMP061,2025-01-07,Yes,9,2,None,Jan,Tue,2,Present
EMP061,2025-01-08,Yes,9,1,None,Jan,Wed,2,Present
EMP061,2025-01-09,Yes,10,0,None,Jan,Thu,2,Present
EMP061,2025-01-10,Yes,9,1,None,Jan,Fri,2,Present
EMP061,2025-01-11,Yes,9,1,None,Jan,Sat,2,Present
EMP061,2025-01-12,Yes,8,2,None,Jan,Sun,3,Present
EMP061,2025-01-13,Yes,8,2,None,Jan,Mon,3,Present
EMP061,2025-01-14,Yes,10,1,None,Jan,Tue,3,Present
EMP061,2025-01-15,Yes,8,1,None,Jan,Wed,3,Present
EMP061,2025-01-16,Yes,8,1,None,Jan,Thu,3,Present
EMP061,2025-01-17,Yes,10,0,None,Jan,Fri,3,Present
EMP061,2025-01-18,Yes,8,0,None,Jan,Sat,3,Present
EMP061,2025-01-19,Yes,8,1,None,Jan,Sun,4,Present
EMP061,2025-01-20,Yes,9,1,None,Jan,Mon,4,Present
EMP061,2025-01-21,Yes,9,2,None,Jan,Tue,4,Present
EMP061,2025-01-22,Yes,8,2,None,Jan,Wed,4,Present
EMP061,2025-01-23,Yes,9,0,None,Jan,Thu,4,Present
EMP061,2025-01-24,Yes,8,0,None,Jan,Fri,4,Present
EMP061,2025-01-25,Yes,9,1,None,Jan,Sat,4,Present
EMP061,2025-01-26,Yes,10,2,None,Jan,Sun,5,Present
EMP061,2025-01-27,Yes,10,2,None,Jan,Mon,5,Present
EMP061,2025-01-28,Yes,9,0,None,Jan,Tue,5,Present
EMP061,2025-01-29,Yes,9,0,None,Jan,Wed,5,Present
EMP061,2025-01-30,Yes,9,1,None,Jan,Thu,5,Present
EMP062,2025-01-01,Yes,10,2,None,Jan,Wed,1,Present
EMP062,2025-01-02,Yes,8,2,None,Jan,Thu,1,Present
EMP062,2025-01-03,Yes,9,2,None,Jan,Fri,1,Present
EMP062,2025-01-04,Yes,9,1,None,Jan,Sat,1,Present
EMP062,2025-01-05,Yes,8,1,None,Jan,Sun,2,Present
EMP062,2025-01-06,Yes,9,1,None,Jan,Mon,2,Present
EMP062,2025-01-07,Yes,10,0,None,Jan,Tue,2,Present
EMP062,2025-01-08,Yes,10,0,None,Jan,Wed,2,Present
EMP062,2025-01-09,Yes,10,2,None,Jan,Thu,2,Present
EMP062,2025-01-10,Yes,9,2,None,Jan,Fri,2,Present
EMP062,2025-01-11,No,0,0,Sick,Jan,Sat,2,Absent
EMP062,2025-01-12,Yes,8,1,None,Jan,Sun,3,Present
EMP062,2025-01-13,Yes,8,2,None,Jan,Mon,3,Present
EMP062,2025-01-14,Yes,8,2,None,Jan,Tue,3,Present
EMP062,2025-01-15,Yes,8,0,None,Jan,Wed,3,Present
EMP062,2025-01-16,No,0,0,Sick,Jan,Thu,3,Absent
EMP062,2025-01-17,No,0,0,Paid,Jan,Fri,3,Absent
EMP062,2025-01-18,Yes,8,2,None,Jan,Sat,3,Present
EMP062,2025-01-19,Yes,10,0,None,Jan,Sun,4,Present
EMP062,2025-01-20,Yes,10,0,None,Jan,Mon,4,Present
EMP062,2025-01-21,Yes,10,2,None,Jan,Tue,4,Present
EMP062,2025-01-22,Yes,8,0,None,Jan,Wed,4,Present
EMP062,2025-01-23,Yes,9,1,None,Jan,Thu,4,Present
EMP062,2025-01-24,Yes,8,2,None,Jan,Fri,4,Present
EMP062,2025-01-25,Yes,9,1,None,Jan,Sat,4,Present
EMP062,2025-01-26,Yes,10,1,None,Jan,Sun,5,Present
EMP062,2025-01-27,Yes,8,1,None,Jan,Mon,5,Present
EMP062,2025-01-28,Yes,9,1,None,Jan,Tue,5,Present
EMP062,2025-01-29,Yes,8,1,None,Jan,Wed,5,Present
EMP062,2025-01-30,Yes,9,0,None,Jan,Thu,5,Present
EMP063,2025-01-01,Yes,9,0,None,Jan,Wed,1,Present
EMP063,2025-01-02,Yes,8,2,None,Jan,Thu,1,Present
EMP063,2025-01-03,Yes,8,2,None,Jan,Fri,1,Present
EMP063,2025-01-04,Yes,8,2,None,Jan,Sat,1,Present
EMP063,2025-01-05,Yes,9,2,None,Jan,Sun,2,Present
EMP063,2025-01-06,Yes,8,0,None,Jan,Mon,2,Present
EMP063,2025-01-07,No,0,0,Paid,Jan,Tue,2,Absent
EMP063,2025-01-08,Yes,9,0,None,Jan,Wed,2,Present
EMP063,2025-01-09,Yes,8,2,None,Jan,Thu,2,Present
EMP063,2025-01-10,Yes,8,2,None,Jan,Fri,2,Present
EMP063,2025-01-11,Yes,8,2,None,Jan,Sat,2,Present
EMP063,2025-01-12,Yes,9,2,None,Jan,Sun,3,Present
EMP063,2025-01-13,No,0,0,Paid,Jan,Mon,3,Absent
EMP063,2025-01-14,Yes,9,1,None,Jan,Tue,3,Present
EMP063,2025-01-15,Yes,10,0,None,Jan,Wed,3,Present
EMP063,2025-01-16,Yes,8,1,None,Jan,Thu,3,Present
EMP063,2025-01-17,Yes,9,0,None,Jan,Fri,3,Present
EMP063,2025-01-18,Yes,9,1,None,Jan,Sat,3,Present
EMP063,2025-01-19,Yes,9,0,None,Jan,Sun,4,Present
EMP063,2025-01-20,Yes,10,0,None,Jan,Mon,4,Present
EMP063,2025-01-21,Yes,9,0,None,Jan,Tue,4,Present
EMP063,2025-01-22,Yes,9,2,None,Jan,Wed,4,Present
EMP063,2025-01-23,Yes,10,0,None,Jan,Thu,4,Present
EMP063,2025-01-24,Yes,10,0,None,Jan,Fri,4,Present
EMP063,2025-01-25,Yes,9,0,None,Jan,Sat,4,Present
EMP063,2025-01-26,Yes,9,1,None,Jan,Sun,5,Present
EMP063,2025-01-27,Yes,10,1,None,Jan,Mon,5,Present
EMP063,2025-01-28,Yes,8,0,None,Jan,Tue,5,Present
EMP063,2025-01-29,Yes,10,2,None,Jan,Wed,5,Present
EMP063,2025-01-30,Yes,9,0,None,Jan,Thu,5,Present
EMP064,2025-01-01,Yes,10,1,None,Jan,Wed,1,Present
EMP064,2025-01-02,Yes,9,0,None,Jan,Thu,1,Present
EMP064,2025-01-03,No,0,0,Sick,Jan,Fri,1,Absent
EMP064,2025-01-04,Yes,10,0,None,Jan,Sat,1,Present
EMP064,2025-01-05,Yes,8,2,None,Jan,Sun,2,Present
EMP064,2025-01-06,Yes,9,2,None,Jan,Mon,2,Present
EMP064,2025-01-07,Yes,10,0,None,Jan,Tue,2,Present
EMP064,2025-01-08,Yes,8,0,None,Jan,Wed,2,Present
EMP064,2025-01-09,No,0,0,Sick,Jan,Thu,2,Absent
EMP064,2025-01-10,Yes,8,1,None,Jan,Fri,2,Present
EMP064,2025-01-11,Yes,10,0,None,Jan,Sat,2,Present
EMP064,2025-01-12,Yes,10,0,None,Jan,Sun,3,Present
EMP064,2025-01-13,No,0,0,Paid,Jan,Mon,3,Absent
EMP064,2025-01-14,No,0,0,Casual,Jan,Tue,3,Absent
EMP064,2025-01-15,Yes,8,1,None,Jan,Wed,3,Present
EMP064,2025-01-16,Yes,10,0,None,Jan,Thu,3,Present
EMP064,2025-01-17,Yes,8,0,None,Jan,Fri,3,Present
EMP064,2025-01-18,Yes,10,0,None,Jan,Sat,3,Present
EMP064,2025-01-19,No,0,0,Sick,Jan,Sun,4,Absent
EMP064,2025-01-20,Yes,10,2,None,Jan,Mon,4,Present
EMP064,2025-01-21,Yes,8,2,None,Jan,Tue,4,Present
EMP064,2025-01-22,Yes,8,1,None,Jan,Wed,4,Present
EMP064,2025-01-23,Yes,8,0,None,Jan,Thu,4,Present
EMP064,2025-01-24,Yes,9,0,None,Jan,Fri,4,Present
EMP064,2025-01-25,Yes,8,1,None,Jan,Sat,4,Present
EMP064,2025-01-26,Yes,9,2,None,Jan,Sun,5,Present
EMP064,2025-01-27,Yes,8,2,None,Jan,Mon,5,Present
EMP064,2025-01-28,No,0,0,Sick,Jan,Tue,5,Absent
EMP064,2025-01-29,Yes,10,2,None,Jan,Wed,5,Present
EMP064,2025-01-30,Yes,8,0,None,Jan,Thu,5,Present
EMP065,2025-01-01,Yes,8,0,None,Jan,Wed,1,Present
EMP065,2025-01-02,No,0,0,Sick,Jan,Thu,1,Absent
EMP065,2025-01-03,Yes,10,1,None,Jan,Fri,1,Present
EMP065,2025-01-04,Yes,9,2,None,Jan,Sat,1,Present
EMP065,2025-01-05,Yes,8,2,None,Jan,Sun,2,Present
EMP065,2025-01-06,Yes,9,1,None,Jan,Mon,2,Present
EMP065,2025-01-07,Yes,8,2,None,Jan,Tue,2,Present
EMP065,2025-01-08,Yes,10,0,None,Jan,Wed,2,Present
EMP065,2025-01-09,Yes,10,0,None,Jan,Thu,2,Present
EMP065,2025-01-10,Yes,9,1,None,Jan,Fri,2,Present
EMP065,2025-01-11,Yes,10,0,None,Jan,Sat,2,Present
EMP065,2025-01-12,Yes,10,0,None,Jan,Sun,3,Present
EMP065,2025-01-13,Yes,10,2,None,Jan,Mon,3,Present
EMP065,2025-01-14,Yes,10,2,None,Jan,Tue,3,Present
EMP065,2025-01-15,Yes,8,0,None,Jan,Wed,3,Present
EMP065,2025-01-16,Yes,8,2,None,Jan,Thu,3,Present
EMP065,2025-01-17,Yes,9,1,None,Jan,Fri,3,Present
EMP065,2025-01-18,Yes,10,0,None,Jan,Sat,3,Present
EMP065,2025-01-19,No,0,0,Casual,Jan,Sun,4,Absent
EMP065,2025-01-20,Yes,9,1,None,Jan,Mon,4,Present
EMP065,2025-01-21,Yes,9,0,None,Jan,Tue,4,Present
EMP065,2025-01-22,Yes,8,2,None,Jan,Wed,4,Present
EMP065,2025-01-23,Yes,8,1,None,Jan,Thu,4,Present
EMP065,2025-01-24,Yes,8,0,None,Jan,Fri,4,Present
EMP065,2025-01-25,Yes,10,2,None,Jan,Sat,4,Present
EMP065,2025-01-26,Yes,8,2,None,Jan,Sun,5,Present
EMP065,2025-01-27,Yes,9,0,None,Jan,Mon,5,Present
EMP065,2025-01-28,Yes,9,0,None,Jan,Tue,5,Present
EMP065,2025-01-29,Yes,10,1,None,Jan,Wed,5,Present
EMP065,2025-01-30,Yes,9,0,None,Jan,Thu,5,Present
EMP066,2025-01-01,No,0,0,Paid,Jan,Wed,1,Absent
EMP066,2025-01-02,Yes,9,0,None,Jan,Thu,1,Present
EMP066,2025-01-03,Yes,10,1,None,Jan,Fri,1,Present
EMP066,2025-01-04,Yes,9,0,None,Jan,Sat,1,Present
EMP066,2025-01-05,Yes,8,2,None,Jan,Sun,2,Present
EMP066,2025-01-06,Yes,9,0,None,Jan,Mon,2,Present
EMP066,2025-01-07,Yes,8,2,None,Jan,Tue,2,Present
EMP066,2025-01-08,Yes,9,0,None,Jan,Wed,2,Present
EMP066,2025-01-09,Yes,9,1,None,Jan,Thu,2,Present
EMP066,2025-01-10,Yes,9,0,None,Jan,Fri,2,Present
EMP066,2025-01-11,Yes,10,0,None,Jan,Sat,2,Present
EMP066,2025-01-12,Yes,10,2,None,Jan,Sun,3,Present
EMP066,2025-01-13,Yes,10,2,None,Jan,Mon,3,Present
EMP066,2025-01-14,Yes,8,1,None,Jan,Tue,3,Present
EMP066,2025-01-15,Yes,9,0,None,Jan,Wed,3,Present
EMP066,2025-01-16,Yes,9,1,None,Jan,Thu,3,Present
EMP066,2025-01-17,No,0,0,Casual,Jan,Fri,3,Absent
EMP066,2025-01-18,Yes,8,0,None,Jan,Sat,3,Present
EMP066,2025-01-19,Yes,10,0,None,Jan,Sun,4,Present
EMP066,2025-01-20,Yes,10,0,None,Jan,Mon,4,Present
EMP066,2025-01-21,Yes,8,1,None,Jan,Tue,4,Present
EMP066,2025-01-22,Yes,8,1,None,Jan,Wed,4,Present
EMP066,2025-01-23,Yes,10,0,None,Jan,Thu,4,Present
EMP066,2025-01-24,Yes,9,1,None,Jan,Fri,4,Present
EMP066,2025-01-25,Yes,10,0,None,Jan,Sat,4,Present
EMP066,2025-01-26,Yes,8,0,None,Jan,Sun,5,Present
EMP066,2025-01-27,Yes,8,2,None,Jan,Mon,5,Present
EMP066,2025-01-28,Yes,8,0,None,Jan,Tue,5,Present
EMP066,2025-01-29,Yes,8,2,None,Jan,Wed,5,Present
EMP066,2025-01-30,Yes,8,1,None,Jan,Thu,5,Present
EMP067,2025-01-01,Yes,8,2,None,Jan,Wed,1,Present
EMP067,2025-01-02,Yes,10,2,None,Jan,Thu,1,Present
EMP067,2025-01-03,Yes,9,1,None,Jan,Fri,1,Present
EMP067,2025-01-04,Yes,10,1,None,Jan,Sat,1,Present
EMP067,2025-01-05,Yes,9,2,None,Jan,Sun,2,Present
EMP067,2025-01-06,Yes,10,0,None,Jan,Mon,2,Present
EMP067,2025-01-07,Yes,8,1,None,Jan,Tue,2,Present
EMP067,2025-01-08,Yes,9,2,None,Jan,Wed,2,Present
EMP067,2025-01-09,No,0,0,Casual,Jan,Thu,2,Absent
EMP067,2025-01-10,Yes,10,2,None,Jan,Fri,2,Present
EMP067,2025-01-11,Yes,8,2,None,Jan,Sat,2,Present
EMP067,2025-01-12,Yes,9,2,None,Jan,Sun,3,Present
EMP067,2025-01-13,Yes,10,2,None,Jan,Mon,3,Present
EMP067,2025-01-14,Yes,8,0,None,Jan,Tue,3,Present
EMP067,2025-01-15,Yes,9,2,None,Jan,Wed,3,Present
EMP067,2025-01-16,No,0,0,Casual,Jan,Thu,3,Absent
EMP067,2025-01-17,Yes,10,2,None,Jan,Fri,3,Present
EMP067,2025-01-18,No,0,0,Paid,Jan,Sat,3,Absent
EMP067,2025-01-19,Yes,8,1,None,Jan,Sun,4,Present
EMP067,2025-01-20,Yes,8,2,None,Jan,Mon,4,Present
EMP067,2025-01-21,Yes,10,2,None,Jan,Tue,4,Present
EMP067,2025-01-22,Yes,10,0,None,Jan,Wed,4,Present
EMP067,2025-01-23,Yes,9,2,None,Jan,Thu,4,Present
EMP067,2025-01-24,Yes,9,0,None,Jan,Fri,4,Present
EMP067,2025-01-25,No,0,0,Casual,Jan,Sat,4,Absent
EMP067,2025-01-26,Yes,10,2,None,Jan,Sun,5,Present
EMP067,2025-01-27,Yes,9,2,None,Jan,Mon,5,Present
EMP067,2025-01-28,Yes,10,1,None,Jan,Tue,5,Present
EMP067,2025-01-29,Yes,9,2,None,Jan,Wed,5,Present
EMP067,2025-01-30,Yes,8,0,None,Jan,Thu,5,Present
EMP068,2025-01-01,Yes,9,0,None,Jan,Wed,1,Present
EMP068,2025-01-02,Yes,8,1,None,Jan,Thu,1,Present
EMP068,2025-01-03,Yes,8,0,None,Jan,Fri,1,Present
EMP068,2025-01-04,Yes,8,2,None,Jan,Sat,1,Present
EMP068,2025-01-05,Yes,8,0,None,Jan,Sun,2,Present
EMP068,2025-01-06,Yes,10,0,None,Jan,Mon,2,Present
EMP068,2025-01-07,Yes,10,2,None,Jan,Tue,2,Present
EMP068,2025-01-08,Yes,9,1,None,Jan,Wed,2,Present
EMP068,2025-01-09,Yes,10,2,None,Jan,Thu,2,Present
EMP068,2025-01-10,No,0,0,Sick,Jan,Fri,2,Absent
EMP068,2025-01-11,No,0,0,Sick,Jan,Sat,2,Absent
EMP068,2025-01-12,Yes,10,2,None,Jan,Sun,3,Present
EMP068,2025-01-13,Yes,10,1,None,Jan,Mon,3,Present
EMP068,2025-01-14,Yes,9,1,None,Jan,Tue,3,Present
EMP068,2025-01-15,Yes,10,2,None,Jan,Wed,3,Present
EMP068,2025-01-16,Yes,9,1,None,Jan,Thu,3,Present
EMP068,2025-01-17,Yes,8,1,None,Jan,Fri,3,Present
EMP068,2025-01-18,Yes,9,0,None,Jan,Sat,3,Present
EMP068,2025-01-19,Yes,9,0,None,Jan,Sun,4,Present
EMP068,2025-01-20,Yes,9,1,None,Jan,Mon,4,Present
EMP068,2025-01-21,Yes,10,0,None,Jan,Tue,4,Present
EMP068,2025-01-22,Yes,9,0,None,Jan,Wed,4,Present
EMP068,2025-01-23,Yes,10,2,None,Jan,Thu,4,Present
EMP068,2025-01-24,Yes,8,0,None,Jan,Fri,4,Present
EMP068,2025-01-25,Yes,8,1,None,Jan,Sat,4,Present
EMP068,2025-01-26,Yes,9,1,None,Jan,Sun,5,Present
EMP068,2025-01-27,Yes,8,2,None,Jan,Mon,5,Present
EMP068,2025-01-28,Yes,10,1,None,Jan,Tue,5,Present
EMP068,2025-01-29,Yes,8,1,None,Jan,Wed,5,Present
EMP068,2025-01-30,Yes,8,2,None,Jan,Thu,5,Present
EMP069,2025-01-01,Yes,8,1,None,Jan,Wed,1,Present
EMP069,2025-01-02,Yes,8,1,None,Jan,Thu,1,Present
EMP069,2025-01-03,Yes,8,0,None,Jan,Fri,1,Present
EMP069,2025-01-04,Yes,10,2,None,Jan,Sat,1,Present
EMP069,2025-01-05,Yes,10,1,None,Jan,Sun,2,Present
EMP069,2025-01-06,Yes,9,2,None,Jan,Mon,2,Present
EMP069,2025-01-07,Yes,10,2,None,Jan,Tue,2,Present
EMP069,2025-01-08,Yes,9,1,None,Jan,Wed,2,Present
EMP069,2025-01-09,Yes,10,1,None,Jan,Thu,2,Present
EMP069,2025-01-10,Yes,8,2,None,Jan,Fri,2,Present
EMP069,2025-01-11,Yes,9,0,None,Jan,Sat,2,Present
EMP069,2025-01-12,Yes,8,1,None,Jan,Sun,3,Present
EMP069,2025-01-13,Yes,9,0,None,Jan,Mon,3,Present
EMP069,2025-01-14,Yes,8,2,None,Jan,Tue,3,Present
EMP069,2025-01-15,Yes,9,0,None,Jan,Wed,3,Present
EMP069,2025-01-16,No,0,0,Paid,Jan,Thu,3,Absent
EMP069,2025-01-17,Yes,10,2,None,Jan,Fri,3,Present
EMP069,2025-01-18,Yes,10,1,None,Jan,Sat,3,Present
EMP069,2025-01-19,Yes,9,2,None,Jan,Sun,4,Present
EMP069,2025-01-20,Yes,8,2,None,Jan,Mon,4,Present
EMP069,2025-01-21,Yes,8,2,None,Jan,Tue,4,Present
EMP069,2025-01-22,Yes,9,1,None,Jan,Wed,4,Present
EMP069,2025-01-23,Yes,9,1,None,Jan,Thu,4,Present
EMP069,2025-01-24,Yes,9,2,None,Jan,Fri,4,Present
EMP069,2025-01-25,Yes,10,1,None,Jan,Sat,4,Present
EMP069,2025-01-26,Yes,9,1,None,Jan,Sun,5,Present
EMP069,2025-01-27,Yes,10,1,None,Jan,Mon,5,Present
EMP069,2025-01-28,Yes,9,0,None,Jan,Tue,5,Present
EMP069,2025-01-29,Yes,10,0,None,Jan,Wed,5,Present
EMP069,2025-01-30,Yes,9,1,None,Jan,Thu,5,Present
EMP070,2025-01-01,Yes,10,1,None,Jan,Wed,1,Present
EMP070,2025-01-02,No,0,0,Paid,Jan,Thu,1,Absent
EMP070,2025-01-03,Yes,8,0,None,Jan,Fri,1,Present
EMP070,2025-01-04,Yes,9,1,None,Jan,Sat,1,Present
EMP070,2025-01-05,Yes,9,2,None,Jan,Sun,2,Present
EMP070,2025-01-06,Yes,8,0,None,Jan,Mon,2,Present
EMP070,2025-01-07,Yes,9,1,None,Jan,Tue,2,Present
EMP070,2025-01-08,Yes,8,1,None,Jan,Wed,2,Present
EMP070,2025-01-09,Yes,9,1,None,Jan,Thu,2,Present
EMP070,2025-01-10,Yes,9,0,None,Jan,Fri,2,Present
EMP070,2025-01-11,No,0,0,Sick,Jan,Sat,2,Absent
EMP070,2025-01-12,Yes,9,2,None,Jan,Sun,3,Present
EMP070,2025-01-13,Yes,9,0,None,Jan,Mon,3,Present
EMP070,2025-01-14,Yes,9,1,None,Jan,Tue,3,Present
EMP070,2025-01-15,Yes,10,2,None,Jan,Wed,3,Present
EMP070,2025-01-16,Yes,8,1,None,Jan,Thu,3,Present
EMP070,2025-01-17,Yes,8,2,None,Jan,Fri,3,Present
EMP070,2025-01-18,Yes,10,1,None,Jan,Sat,3,Present
EMP070,2025-01-19,Yes,9,2,None,Jan,Sun,4,Present
EMP070,2025-01-20,Yes,10,0,None,Jan,Mon,4,Present
EMP070,2025-01-21,Yes,10,2,None,Jan,Tue,4,Present
EMP070,2025-01-22,No,0,0,Casual,Jan,Wed,4,Absent
EMP070,2025-01-23,Yes,8,0,None,Jan,Thu,4,Present
EMP070,2025-01-24,Yes,10,0,None,Jan,Fri,4,Present
EMP070,2025-01-25,Yes,8,1,None,Jan,Sat,4,Present
EMP070,2025-01-26,Yes,10,1,None,Jan,Sun,5,Present
EMP070,2025-01-27,No,0,0,Casual,Jan,Mon,5,Absent
EMP070,2025-01-28,Yes,8,2,None,Jan,Tue,5,Present
EMP070,2025-01-29,Yes,10,0,None,Jan,Wed,5,Present
EMP070,2025-01-30,Yes,10,0,None,Jan,Thu,5,Present
EMP071,2025-01-01,Yes,9,2,None,Jan,Wed,1,Present
EMP071,2025-01-02,Yes,9,2,None,Jan,Thu,1,Present
EMP071,2025-01-03,Yes,9,0,None,Jan,Fri,1,Present
EMP071,2025-01-04,Yes,9,0,None,Jan,Sat,1,Present
EMP071,2025-01-05,No,0,0,Paid,Jan,Sun,2,Absent
EMP071,2025-01-06,Yes,9,1,None,Jan,Mon,2,Present
EMP071,2025-01-07,Yes,8,0,None,Jan,Tue,2,Present
EMP071,2025-01-08,Yes,10,0,None,Jan,Wed,2,Present
EMP071,2025-01-09,Yes,10,2,None,Jan,Thu,2,Present
EMP071,2025-01-10,Yes,10,2,None,Jan,Fri,2,Present
EMP071,2025-01-11,Yes,10,0,None,Jan,Sat,2,Present
EMP071,2025-01-12,Yes,8,0,None,Jan,Sun,3,Present
EMP071,2025-01-13,Yes,8,1,None,Jan,Mon,3,Present
EMP071,2025-01-14,Yes,10,1,None,Jan,Tue,3,Present
EMP071,2025-01-15,Yes,9,2,None,Jan,Wed,3,Present
EMP071,2025-01-16,Yes,9,0,None,Jan,Thu,3,Present
EMP071,2025-01-17,Yes,8,2,None,Jan,Fri,3,Present
EMP071,2025-01-18,Yes,8,0,None,Jan,Sat,3,Present
EMP071,2025-01-19,Yes,8,2,None,Jan,Sun,4,Present
EMP071,2025-01-20,Yes,8,0,None,Jan,Mon,4,Present
EMP071,2025-01-21,Yes,8,1,None,Jan,Tue,4,Present
EMP071,2025-01-22,Yes,8,0,None,Jan,Wed,4,Present
EMP071,2025-01-23,No,0,0,Casual,Jan,Thu,4,Absent
EMP071,2025-01-24,Yes,8,0,None,Jan,Fri,4,Present
EMP071,2025-01-25,Yes,10,2,None,Jan,Sat,4,Present
EMP071,2025-01-26,Yes,9,0,None,Jan,Sun,5,Present
EMP071,2025-01-27,Yes,8,0,None,Jan,Mon,5,Present
EMP071,2025-01-28,Yes,8,0,None,Jan,Tue,5,Present
EMP071,2025-01-29,Yes,10,0,None,Jan,Wed,5,Present
EMP071,2025-01-30,Yes,8,0,None,Jan,Thu,5,Present
EMP072,2025-01-01,Yes,8,0,None,Jan,Wed,1,Present
EMP072,2025-01-02,Yes,10,1,None,Jan,Thu,1,Present
EMP072,2025-01-03,Yes,9,1,None,Jan,Fri,1,Present
EMP072,2025-01-04,Yes,10,2,None,Jan,Sat,1,Present
EMP072,2025-01-05,Yes,10,2,None,Jan,Sun,2,Present
EMP072,2025-01-06,No,0,0,Paid,Jan,Mon,2,Absent
EMP072,2025-01-07,Yes,10,0,None,Jan,Tue,2,Present
EMP072,2025-01-08,Yes,9,0,None,Jan,Wed,2,Present
EMP072,2025-01-09,Yes,10,0,None,Jan,Thu,2,Present
EMP072,2025-01-10,Yes,8,0,None,Jan,Fri,2,Present
EMP072,2025-01-11,Yes,10,1,None,Jan,Sat,2,Present
EMP072,2025-01-12,Yes,10,0,None,Jan,Sun,3,Present
EMP072,2025-01-13,Yes,8,0,None,Jan,Mon,3,Present
EMP072,2025-01-14,Yes,9,1,None,Jan,Tue,3,Present
EMP072,2025-01-15,Yes,8,1,None,Jan,Wed,3,Present
EMP072,2025-01-16,Yes,9,0,None,Jan,Thu,3,Present
EMP072,2025-01-17,Yes,10,0,None,Jan,Fri,3,Present
EMP072,2025-01-18,Yes,9,2,None,Jan,Sat,3,Present
EMP072,2025-01-19,Yes,10,0,None,Jan,Sun,4,Present
EMP072,2025-01-20,Yes,9,0,None,Jan,Mon,4,Present
EMP072,2025-01-21,Yes,9,2,None,Jan,Tue,4,Present
EMP072,2025-01-22,Yes,10,1,None,Jan,Wed,4,Present
EMP072,2025-01-23,Yes,9,1,None,Jan,Thu,4,Present
EMP072,2025-01-24,Yes,9,0,None,Jan,Fri,4,Present
EMP072,2025-01-25,Yes,9,2,None,Jan,Sat,4,Present
EMP072,2025-01-26,Yes,8,2,None,Jan,Sun,5,Present
EMP072,2025-01-27,Yes,8,1,None,Jan,Mon,5,Present
EMP072,2025-01-28,Yes,10,2,None,Jan,Tue,5,Present
EMP072,2025-01-29,Yes,8,1,None,Jan,Wed,5,Present
EMP072,2025-01-30,Yes,10,0,None,Jan,Thu,5,Present
EMP073,2025-01-01,Yes,8,0,None,Jan,Wed,1,Present
EMP073,2025-01-02,Yes,8,1,None,Jan,Thu,1,Present
EMP073,2025-01-03,Yes,9,0,None,Jan,Fri,1,Present
EMP073,2025-01-04,Yes,9,2,None,Jan,Sat,1,Present
EMP073,2025-01-05,Yes,10,2,None,Jan,Sun,2,Present
EMP073,2025-01-06,Yes,10,1,None,Jan,Mon,2,Present
EMP073,2025-01-07,Yes,10,2,None,Jan,Tue,2,Present
EMP073,2025-01-08,Yes,9,2,None,Jan,Wed,2,Present
EMP073,2025-01-09,Yes,9,0,None,Jan,Thu,2,Present
EMP073,2025-01-10,Yes,9,1,None,Jan,Fri,2,Present
EMP073,2025-01-11,Yes,8,0,None,Jan,Sat,2,Present
EMP073,2025-01-12,Yes,8,0,None,Jan,Sun,3,Present
EMP073,2025-01-13,Yes,8,0,None,Jan,Mon,3,Present
EMP073,2025-01-14,Yes,10,1,None,Jan,Tue,3,Present
EMP073,2025-01-15,Yes,10,2,None,Jan,Wed,3,Present
EMP073,2025-01-16,Yes,8,2,None,Jan,Thu,3,Present
EMP073,2025-01-17,Yes,9,1,None,Jan,Fri,3,Present
EMP073,2025-01-18,Yes,10,1,None,Jan,Sat,3,Present
EMP073,2025-01-19,Yes,9,2,None,Jan,Sun,4,Present
EMP073,2025-01-20,Yes,10,2,None,Jan,Mon,4,Present
EMP073,2025-01-21,No,0,0,Sick,Jan,Tue,4,Absent
EMP073,2025-01-22,Yes,8,1,None,Jan,Wed,4,Present
EMP073,2025-01-23,Yes,9,1,None,Jan,Thu,4,Present
EMP073,2025-01-24,Yes,8,0,None,Jan,Fri,4,Present
EMP073,2025-01-25,Yes,9,2,None,Jan,Sat,4,Present
EMP073,2025-01-26,Yes,9,0,None,Jan,Sun,5,Present
EMP073,2025-01-27,Yes,9,1,None,Jan,Mon,5,Present
EMP073,2025-01-28,Yes,10,2,None,Jan,Tue,5,Present
EMP073,2025-01-29,Yes,10,2,None,Jan,Wed,5,Present
EMP073,2025-01-30,Yes,9,1,None,Jan,Thu,5,Present
EMP074,2025-01-01,Yes,8,2,None,Jan,Wed,1,Present
EMP074,2025-01-02,No,0,0,Casual,Jan,Thu,1,Absent
EMP074,2025-01-03,Yes,9,2,None,Jan,Fri,1,Present
EMP074,2025-01-04,Yes,9,1,None,Jan,Sat,1,Present
EMP074,2025-01-05,No,0,0,Paid,Jan,Sun,2,Absent
EMP074,2025-01-06,No,0,0,Casual,Jan,Mon,2,Absent
EMP074,2025-01-07,Yes,10,2,None,Jan,Tue,2,Present
EMP074,2025-01-08,No,0,0,Paid,Jan,Wed,2,Absent
EMP074,2025-01-09,Yes,8,1,None,Jan,Thu,2,Present
EMP074,2025-01-10,Yes,9,1,None,Jan,Fri,2,Present
EMP074,2025-01-11,Yes,10,0,None,Jan,Sat,2,Present
EMP074,2025-01-12,Yes,10,1,None,Jan,Sun,3,Present
EMP074,2025-01-13,Yes,10,0,None,Jan,Mon,3,Present
EMP074,2025-01-14,Yes,8,1,None,Jan,Tue,3,Present
EMP074,2025-01-15,Yes,10,1,None,Jan,Wed,3,Present
EMP074,2025-01-16,No,0,0,Paid,Jan,Thu,3,Absent
EMP074,2025-01-17,Yes,10,2,None,Jan,Fri,3,Present
EMP074,2025-01-18,Yes,9,0,None,Jan,Sat,3,Present
EMP074,2025-01-19,Yes,10,0,None,Jan,Sun,4,Present
EMP074,2025-01-20,Yes,9,2,None,Jan,Mon,4,Present
EMP074,2025-01-21,Yes,10,0,None,Jan,Tue,4,Present
EMP074,2025-01-22,Yes,8,2,None,Jan,Wed,4,Present
EMP074,2025-01-23,Yes,9,1,None,Jan,Thu,4,Present
EMP074,2025-01-24,Yes,10,1,None,Jan,Fri,4,Present
EMP074,2025-01-25,Yes,9,1,None,Jan,Sat,4,Present
EMP074,2025-01-26,Yes,8,1,None,Jan,Sun,5,Present
EMP074,2025-01-27,Yes,8,2,None,Jan,Mon,5,Present
EMP074,2025-01-28,Yes,9,0,None,Jan,Tue,5,Present
EMP074,2025-01-29,Yes,10,1,None,Jan,Wed,5,Present
EMP074,2025-01-30,Yes,10,2,None,Jan,Thu,5,Present
EMP075,2025-01-01,Yes,10,2,None,Jan,Wed,1,Present
EMP075,2025-01-02,Yes,9,1,None,Jan,Thu,1,Present
EMP075,2025-01-03,No,0,0,Paid,Jan,Fri,1,Absent
EMP075,2025-01-04,Yes,8,1,None,Jan,Sat,1,Present
EMP075,2025-01-05,Yes,10,1,None,Jan,Sun,2,Present
EMP075,2025-01-06,Yes,9,1,None,Jan,Mon,2,Present
EMP075,2025-01-07,Yes,9,0,None,Jan,Tue,2,Present
EMP075,2025-01-08,Yes,9,2,None,Jan,Wed,2,Present
EMP075,2025-01-09,Yes,10,2,None,Jan,Thu,2,Present
EMP075,2025-01-10,Yes,8,2,None,Jan,Fri,2,Present
EMP075,2025-01-11,Yes,8,2,None,Jan,Sat,2,Present
EMP075,2025-01-12,Yes,10,2,None,Jan,Sun,3,Present
EMP075,2025-01-13,Yes,9,2,None,Jan,Mon,3,Present
EMP075,2025-01-14,Yes,10,1,None,Jan,Tue,3,Present
EMP075,2025-01-15,Yes,10,2,None,Jan,Wed,3,Present
EMP075,2025-01-16,No,0,0,Sick,Jan,Thu,3,Absent
EMP075,2025-01-17,Yes,8,0,None,Jan,Fri,3,Present
EMP075,2025-01-18,Yes,10,1,None,Jan,Sat,3,Present
EMP075,2025-01-19,Yes,9,1,None,Jan,Sun,4,Present
EMP075,2025-01-20,Yes,8,2,None,Jan,Mon,4,Present
EMP075,2025-01-21,Yes,9,1,None,Jan,Tue,4,Present
EMP075,2025-01-22,Yes,10,0,None,Jan,Wed,4,Present
EMP075,2025-01-23,Yes,10,0,None,Jan,Thu,4,Present
EMP075,2025-01-24,Yes,8,0,None,Jan,Fri,4,Present
EMP075,2025-01-25,Yes,8,1,None,Jan,Sat,4,Present
EMP075,2025-01-26,Yes,10,1,None,Jan,Sun,5,Present
EMP075,2025-01-27,Yes,8,0,None,Jan,Mon,5,Present
EMP075,2025-01-28,Yes,8,0,None,Jan,Tue,5,Present
EMP075,2025-01-29,Yes,9,2,None,Jan,Wed,5,Present
EMP075,2025-01-30,Yes,10,0,None,Jan,Thu,5,Present
EMP076,2025-01-01,Yes,9,0,None,Jan,Wed,1,Present
EMP076,2025-01-02,No,0,0,Sick,Jan,Thu,1,Absent
EMP076,2025-01-03,Yes,9,0,None,Jan,Fri,1,Present
EMP076,2025-01-04,Yes,9,1,None,Jan,Sat,1,Present
EMP076,2025-01-05,Yes,8,1,None,Jan,Sun,2,Present
EMP076,2025-01-06,Yes,10,0,None,Jan,Mon,2,Present
EMP076,2025-01-07,Yes,10,2,None,Jan,Tue,2,Present
EMP076,2025-01-08,Yes,8,2,None,Jan,Wed,2,Present
EMP076,2025-01-09,Yes,10,2,None,Jan,Thu,2,Present
EMP076,2025-01-10,Yes,8,0,None,Jan,Fri,2,Present
EMP076,2025-01-11,Yes,9,1,None,Jan,Sat,2,Present
EMP076,2025-01-12,Yes,10,1,None,Jan,Sun,3,Present
EMP076,2025-01-13,Yes,10,0,None,Jan,Mon,3,Present
EMP076,2025-01-14,Yes,8,0,None,Jan,Tue,3,Present
EMP076,2025-01-15,Yes,8,1,None,Jan,Wed,3,Present
EMP076,2025-01-16,Yes,9,2,None,Jan,Thu,3,Present
EMP076,2025-01-17,No,0,0,Paid,Jan,Fri,3,Absent
EMP076,2025-01-18,Yes,8,1,None,Jan,Sat,3,Present
EMP076,2025-01-19,Yes,9,2,None,Jan,Sun,4,Present
EMP076,2025-01-20,Yes,9,0,None,Jan,Mon,4,Present
EMP076,2025-01-21,Yes,10,1,None,Jan,Tue,4,Present
EMP076,2025-01-22,Yes,8,2,None,Jan,Wed,4,Present
EMP076,2025-01-23,Yes,10,0,None,Jan,Thu,4,Present
EMP076,2025-01-24,Yes,10,0,None,Jan,Fri,4,Present
EMP076,2025-01-25,Yes,10,0,None,Jan,Sat,4,Present
EMP076,2025-01-26,Yes,9,1,None,Jan,Sun,5,Present
EMP076,2025-01-27,Yes,10,1,None,Jan,Mon,5,Present
EMP076,2025-01-28,Yes,10,0,None,Jan,Tue,5,Present
EMP076,2025-01-29,Yes,8,1,None,Jan,Wed,5,Present
EMP076,2025-01-30,Yes,9,1,None,Jan,Thu,5,Present
EMP077,2025-01-01,Yes,8,1,None,Jan,Wed,1,Present
EMP077,2025-01-02,Yes,8,1,None,Jan,Thu,1,Present
EMP077,2025-01-03,Yes,10,1,None,Jan,Fri,1,Present
EMP077,2025-01-04,Yes,9,0,None,Jan,Sat,1,Present
EMP077,2025-01-05,Yes,9,1,None,Jan,Sun,2,Present
EMP077,2025-01-06,Yes,9,2,None,Jan,Mon,2,Present
EMP077,2025-01-07,Yes,8,0,None,Jan,Tue,2,Present
EMP077,2025-01-08,Yes,10,0,None,Jan,Wed,2,Present
EMP077,2025-01-09,Yes,10,2,None,Jan,Thu,2,Present
EMP077,2025-01-10,Yes,10,1,None,Jan,Fri,2,Present
EMP077,2025-01-11,Yes,8,0,None,Jan,Sat,2,Present
EMP077,2025-01-12,Yes,8,2,None,Jan,Sun,3,Present
EMP077,2025-01-13,Yes,10,0,None,Jan,Mon,3,Present
EMP077,2025-01-14,No,0,0,Sick,Jan,Tue,3,Absent
EMP077,2025-01-15,Yes,9,2,None,Jan,Wed,3,Present
EMP077,2025-01-16,Yes,8,0,None,Jan,Thu,3,Present
EMP077,2025-01-17,Yes,10,0,None,Jan,Fri,3,Present
EMP077,2025-01-18,Yes,10,1,None,Jan,Sat,3,Present
EMP077,2025-01-19,Yes,9,1,None,Jan,Sun,4,Present
EMP077,2025-01-20,Yes,10,0,None,Jan,Mon,4,Present
EMP077,2025-01-21,Yes,10,2,None,Jan,Tue,4,Present
EMP077,2025-01-22,Yes,9,0,None,Jan,Wed,4,Present
EMP077,2025-01-23,Yes,9,0,None,Jan,Thu,4,Present
EMP077,2025-01-24,Yes,9,2,None,Jan,Fri,4,Present
EMP077,2025-01-25,Yes,8,2,None,Jan,Sat,4,Present
EMP077,2025-01-26,Yes,10,0,None,Jan,Sun,5,Present
EMP077,2025-01-27,Yes,9,0,None,Jan,Mon,5,Present
EMP077,2025-01-28,Yes,8,0,None,Jan,Tue,5,Present
EMP077,2025-01-29,Yes,9,2,None,Jan,Wed,5,Present
EMP077,2025-01-30,Yes,8,1,None,Jan,Thu,5,Present
EMP078,2025-01-01,Yes,10,0,None,Jan,Wed,1,Present
EMP078,2025-01-02,No,0,0,Paid,Jan,Thu,1,Absent
EMP078,2025-01-03,Yes,9,2,None,Jan,Fri,1,Present
EMP078,2025-01-04,Yes,8,2,None,Jan,Sat,1,Present
EMP078,2025-01-05,Yes,9,1,None,Jan,Sun,2,Present
EMP078,2025-01-06,Yes,9,0,None,Jan,Mon,2,Present
EMP078,2025-01-07,Yes,8,2,None,Jan,Tue,2,Present
EMP078,2025-01-08,Yes,9,2,None,Jan,Wed,2,Present
EMP078,2025-01-09,Yes,9,0,None,Jan,Thu,2,Present
EMP078,2025-01-10,Yes,8,0,None,Jan,Fri,2,Present
EMP078,2025-01-11,Yes,9,0,None,Jan,Sat,2,Present
EMP078,2025-01-12,Yes,8,1,None,Jan,Sun,3,Present
EMP078,2025-01-13,Yes,10,1,None,Jan,Mon,3,Present
EMP078,2025-01-14,Yes,9,0,None,Jan,Tue,3,Present
EMP078,2025-01-15,Yes,10,1,None,Jan,Wed,3,Present
EMP078,2025-01-16,Yes,10,1,None,Jan,Thu,3,Present
EMP078,2025-01-17,Yes,10,2,None,Jan,Fri,3,Present
EMP078,2025-01-18,Yes,8,2,None,Jan,Sat,3,Present
EMP078,2025-01-19,No,0,0,Casual,Jan,Sun,4,Absent
EMP078,2025-01-20,Yes,9,1,None,Jan,Mon,4,Present
EMP078,2025-01-21,Yes,10,2,None,Jan,Tue,4,Present
EMP078,2025-01-22,Yes,8,0,None,Jan,Wed,4,Present
EMP078,2025-01-23,Yes,10,1,None,Jan,Thu,4,Present
EMP078,2025-01-24,Yes,9,2,None,Jan,Fri,4,Present
EMP078,2025-01-25,Yes,10,0,None,Jan,Sat,4,Present
EMP078,2025-01-26,Yes,9,0,None,Jan,Sun,5,Present
EMP078,2025-01-27,Yes,9,1,None,Jan,Mon,5,Present
EMP078,2025-01-28,Yes,9,2,None,Jan,Tue,5,Present
EMP078,2025-01-29,Yes,8,1,None,Jan,Wed,5,Present
EMP078,2025-01-30,Yes,8,0,None,Jan,Thu,5,Present
EMP079,2025-01-01,Yes,9,2,None,Jan,Wed,1,Present
EMP079,2025-01-02,Yes,9,1,None,Jan,Thu,1,Present
EMP079,2025-01-03,Yes,9,2,None,Jan,Fri,1,Present
EMP079,2025-01-04,Yes,9,2,None,Jan,Sat,1,Present
EMP079,2025-01-05,Yes,8,1,None,Jan,Sun,2,Present
EMP079,2025-01-06,Yes,9,0,None,Jan,Mon,2,Present
EMP079,2025-01-07,Yes,10,2,None,Jan,Tue,2,Present
EMP079,2025-01-08,Yes,8,0,None,Jan,Wed,2,Present
EMP079,2025-01-09,Yes,8,0,None,Jan,Thu,2,Present
EMP079,2025-01-10,No,0,0,Casual,Jan,Fri,2,Absent
EMP079,2025-01-11,Yes,9,1,None,Jan,Sat,2,Present
EMP079,2025-01-12,Yes,9,0,None,Jan,Sun,3,Present
EMP079,2025-01-13,Yes,10,2,None,Jan,Mon,3,Present
EMP079,2025-01-14,Yes,9,0,None,Jan,Tue,3,Present
EMP079,2025-01-15,Yes,8,0,None,Jan,Wed,3,Present
EMP079,2025-01-16,Yes,8,1,None,Jan,Thu,3,Present
EMP079,2025-01-17,Yes,8,2,None,Jan,Fri,3,Present
EMP079,2025-01-18,Yes,9,2,None,Jan,Sat,3,Present
EMP079,2025-01-19,Yes,10,0,None,Jan,Sun,4,Present
EMP079,2025-01-20,Yes,8,2,None,Jan,Mon,4,Present
EMP079,2025-01-21,Yes,8,1,None,Jan,Tue,4,Present
EMP079,2025-01-22,Yes,8,1,None,Jan,Wed,4,Present
EMP079,2025-01-23,Yes,9,0,None,Jan,Thu,4,Present
EMP079,2025-01-24,Yes,10,0,None,Jan,Fri,4,Present
EMP079,2025-01-25,Yes,10,0,None,Jan,Sat,4,Present
EMP079,2025-01-26,Yes,8,0,None,Jan,Sun,5,Present
EMP079,2025-01-27,Yes,10,2,None,Jan,Mon,5,Present
EMP079,2025-01-28,Yes,10,1,None,Jan,Tue,5,Present
EMP079,2025-01-29,Yes,8,1,None,Jan,Wed,5,Present
EMP079,2025-01-30,Yes,10,2,None,Jan,Thu,5,Present
EMP080,2025-01-01,Yes,9,2,None,Jan,Wed,1,Present
EMP080,2025-01-02,Yes,10,0,None,Jan,Thu,1,Present
EMP080,2025-01-03,Yes,8,2,None,Jan,Fri,1,Present
EMP080,2025-01-04,Yes,8,2,None,Jan,Sat,1,Present
EMP080,2025-01-05,No,0,0,Paid,Jan,Sun,2,Absent
EMP080,2025-01-06,Yes,9,1,None,Jan,Mon,2,Present
EMP080,2025-01-07,Yes,9,0,None,Jan,Tue,2,Present
EMP080,2025-01-08,No,0,0,Sick,Jan,Wed,2,Absent
EMP080,2025-01-09,Yes,9,1,None,Jan,Thu,2,Present
EMP080,2025-01-10,Yes,10,0,None,Jan,Fri,2,Present
EMP080,2025-01-11,Yes,9,1,None,Jan,Sat,2,Present
EMP080,2025-01-12,Yes,9,2,None,Jan,Sun,3,Present
EMP080,2025-01-13,Yes,9,2,None,Jan,Mon,3,Present
EMP080,2025-01-14,Yes,9,2,None,Jan,Tue,3,Present
EMP080,2025-01-15,Yes,9,1,None,Jan,Wed,3,Present
EMP080,2025-01-16,Yes,10,2,None,Jan,Thu,3,Present
EMP080,2025-01-17,Yes,9,1,None,Jan,Fri,3,Present
EMP080,2025-01-18,Yes,9,2,None,Jan,Sat,3,Present
EMP080,2025-01-19,Yes,8,2,None,Jan,Sun,4,Present
EMP080,2025-01-20,Yes,9,2,None,Jan,Mon,4,Present
EMP080,2025-01-21,Yes,10,2,None,Jan,Tue,4,Present
EMP080,2025-01-22,Yes,9,2,None,Jan,Wed,4,Present
EMP080,2025-01-23,Yes,10,0,None,Jan,Thu,4,Present
EMP080,2025-01-24,Yes,9,0,None,Jan,Fri,4,Present
EMP080,2025-01-25,Yes,9,1,None,Jan,Sat,4,Present
EMP080,2025-01-26,Yes,8,2,None,Jan,Sun,5,Present
EMP080,2025-01-27,Yes,8,2,None,Jan,Mon,5,Present
EMP080,2025-01-28,Yes,10,0,None,Jan,Tue,5,Present
EMP080,2025-01-29,Yes,8,2,None,Jan,Wed,5,Present
EMP080,2025-01-30,Yes,9,1,None,Jan,Thu,5,Present
EMP081,2025-01-01,Yes,10,2,None,Jan,Wed,1,Present
EMP081,2025-01-02,Yes,9,1,None,Jan,Thu,1,Present
EMP081,2025-01-03,Yes,8,2,None,Jan,Fri,1,Present
EMP081,2025-01-04,No,0,0,Paid,Jan,Sat,1,Absent
EMP081,2025-01-05,Yes,8,0,None,Jan,Sun,2,Present
EMP081,2025-01-06,Yes,8,0,None,Jan,Mon,2,Present
EMP081,2025-01-07,Yes,10,1,None,Jan,Tue,2,Present
EMP081,2025-01-08,Yes,10,1,None,Jan,Wed,2,Present
EMP081,2025-01-09,Yes,9,2,None,Jan,Thu,2,Present
EMP081,2025-01-10,Yes,9,0,None,Jan,Fri,2,Present
EMP081,2025-01-11,Yes,8,2,None,Jan,Sat,2,Present
EMP081,2025-01-12,Yes,9,2,None,Jan,Sun,3,Present
EMP081,2025-01-13,Yes,10,0,None,Jan,Mon,3,Present
EMP081,2025-01-14,No,0,0,Sick,Jan,Tue,3,Absent
EMP081,2025-01-15,No,0,0,Paid,Jan,Wed,3,Absent
EMP081,2025-01-16,Yes,10,1,None,Jan,Thu,3,Present
EMP081,2025-01-17,Yes,10,2,None,Jan,Fri,3,Present
EMP081,2025-01-18,Yes,9,2,None,Jan,Sat,3,Present
EMP081,2025-01-19,Yes,10,1,None,Jan,Sun,4,Present
EMP081,2025-01-20,Yes,10,2,None,Jan,Mon,4,Present
EMP081,2025-01-21,Yes,9,0,None,Jan,Tue,4,Present
EMP081,2025-01-22,Yes,8,0,None,Jan,Wed,4,Present
EMP081,2025-01-23,Yes,8,2,None,Jan,Thu,4,Present
EMP081,2025-01-24,Yes,8,0,None,Jan,Fri,4,Present
EMP081,2025-01-25,Yes,8,2,None,Jan,Sat,4,Present
EMP081,2025-01-26,Yes,10,2,None,Jan,Sun,5,Present
EMP081,2025-01-27,Yes,9,1,None,Jan,Mon,5,Present
EMP081,2025-01-28,Yes,9,0,None,Jan,Tue,5,Present
EMP081,2025-01-29,Yes,8,2,None,Jan,Wed,5,Present
EMP081,2025-01-30,Yes,9,1,None,Jan,Thu,5,Present
EMP082,2025-01-01,No,0,0,Casual,Jan,Wed,1,Absent
EMP082,2025-01-02,Yes,8,1,None,Jan,Thu,1,Present
EMP082,2025-01-03,Yes,9,0,None,Jan,Fri,1,Present
EMP082,2025-01-04,Yes,8,2,None,Jan,Sat,1,Present
EMP082,2025-01-05,Yes,9,1,None,Jan,Sun,2,Present
EMP082,2025-01-06,Yes,10,2,None,Jan,Mon,2,Present
EMP082,2025-01-07,Yes,10,1,None,Jan,Tue,2,Present
EMP082,2025-01-08,No,0,0,Casual,Jan,Wed,2,Absent
EMP082,2025-01-09,Yes,10,2,None,Jan,Thu,2,Present
EMP082,2025-01-10,Yes,10,1,None,Jan,Fri,2,Present
EMP082,2025-01-11,Yes,8,2,None,Jan,Sat,2,Present
EMP082,2025-01-12,No,0,0,Paid,Jan,Sun,3,Absent
EMP082,2025-01-13,Yes,8,1,None,Jan,Mon,3,Present
EMP082,2025-01-14,Yes,9,1,None,Jan,Tue,3,Present
EMP082,2025-01-15,Yes,10,2,None,Jan,Wed,3,Present
EMP082,2025-01-16,Yes,10,1,None,Jan,Thu,3,Present
EMP082,2025-01-17,No,0,0,Casual,Jan,Fri,3,Absent
EMP082,2025-01-18,Yes,9,1,None,Jan,Sat,3,Present
EMP082,2025-01-19,Yes,10,0,None,Jan,Sun,4,Present
EMP082,2025-01-20,Yes,10,1,None,Jan,Mon,4,Present
EMP082,2025-01-21,Yes,10,2,None,Jan,Tue,4,Present
EMP082,2025-01-22,Yes,9,2,None,Jan,Wed,4,Present
EMP082,2025-01-23,Yes,9,2,None,Jan,Thu,4,Present
EMP082,2025-01-24,Yes,9,1,None,Jan,Fri,4,Present
EMP082,2025-01-25,Yes,8,2,None,Jan,Sat,4,Present
EMP082,2025-01-26,Yes,10,2,None,Jan,Sun,5,Present
EMP082,2025-01-27,Yes,9,0,None,Jan,Mon,5,Present
EMP082,2025-01-28,Yes,8,2,None,Jan,Tue,5,Present
EMP082,2025-01-29,Yes,9,1,None,Jan,Wed,5,Present
EMP082,2025-01-30,Yes,8,2,None,Jan,Thu,5,Present
EMP083,2025-01-01,No,0,0,Sick,Jan,Wed,1,Absent
EMP083,2025-01-02,Yes,9,1,None,Jan,Thu,1,Present
EMP083,2025-01-03,Yes,8,2,None,Jan,Fri,1,Present
EMP083,2025-01-04,No,0,0,Sick,Jan,Sat,1,Absent
EMP083,2025-01-05,Yes,8,2,None,Jan,Sun,2,Present
EMP083,2025-01-06,Yes,10,0,None,Jan,Mon,2,Present
EMP083,2025-01-07,Yes,9,1,None,Jan,Tue,2,Present
EMP083,2025-01-08,Yes,10,1,None,Jan,Wed,2,Present
EMP083,2025-01-09,Yes,10,2,None,Jan,Thu,2,Present
EMP083,2025-01-10,Yes,8,2,None,Jan,Fri,2,Present
EMP083,2025-01-11,No,0,0,Casual,Jan,Sat,2,Absent
EMP083,2025-01-12,Yes,8,0,None,Jan,Sun,3,Present
EMP083,2025-01-13,Yes,10,0,None,Jan,Mon,3,Present
EMP083,2025-01-14,Yes,8,2,None,Jan,Tue,3,Present
EMP083,2025-01-15,Yes,10,0,None,Jan,Wed,3,Present
EMP083,2025-01-16,Yes,9,0,None,Jan,Thu,3,Present
EMP083,2025-01-17,Yes,10,1,None,Jan,Fri,3,Present
EMP083,2025-01-18,Yes,9,2,None,Jan,Sat,3,Present
EMP083,2025-01-19,Yes,8,2,None,Jan,Sun,4,Present
EMP083,2025-01-20,Yes,8,0,None,Jan,Mon,4,Present
EMP083,2025-01-21,Yes,9,1,None,Jan,Tue,4,Present
EMP083,2025-01-22,Yes,8,0,None,Jan,Wed,4,Present
EMP083,2025-01-23,Yes,9,1,None,Jan,Thu,4,Present
EMP083,2025-01-24,Yes,8,0,None,Jan,Fri,4,Present
EMP083,2025-01-25,Yes,10,1,None,Jan,Sat,4,Present
EMP083,2025-01-26,Yes,10,0,None,Jan,Sun,5,Present
EMP083,2025-01-27,Yes,10,1,None,Jan,Mon,5,Present
EMP083,2025-01-28,Yes,8,1,None,Jan,Tue,5,Present
EMP083,2025-01-29,Yes,9,1,None,Jan,Wed,5,Present
EMP083,2025-01-30,Yes,10,2,None,Jan,Thu,5,Present
EMP084,2025-01-01,Yes,8,1,None,Jan,Wed,1,Present
EMP084,2025-01-02,Yes,8,2,None,Jan,Thu,1,Present
EMP084,2025-01-03,Yes,8,0,None,Jan,Fri,1,Present
EMP084,2025-01-04,Yes,9,0,None,Jan,Sat,1,Present
EMP084,2025-01-05,Yes,9,0,None,Jan,Sun,2,Present
EMP084,2025-01-06,Yes,10,0,None,Jan,Mon,2,Present
EMP084,2025-01-07,Yes,8,2,None,Jan,Tue,2,Present
EMP084,2025-01-08,Yes,10,2,None,Jan,Wed,2,Present
EMP084,2025-01-09,Yes,9,1,None,Jan,Thu,2,Present
EMP084,2025-01-10,Yes,10,2,None,Jan,Fri,2,Present
EMP084,2025-01-11,Yes,10,2,None,Jan,Sat,2,Present
EMP084,2025-01-12,Yes,9,0,None,Jan,Sun,3,Present
EMP084,2025-01-13,Yes,10,2,None,Jan,Mon,3,Present
EMP084,2025-01-14,Yes,10,1,None,Jan,Tue,3,Present
EMP084,2025-01-15,Yes,8,2,None,Jan,Wed,3,Present
EMP084,2025-01-16,Yes,10,2,None,Jan,Thu,3,Present
EMP084,2025-01-17,Yes,9,2,None,Jan,Fri,3,Present
EMP084,2025-01-18,Yes,8,1,None,Jan,Sat,3,Present
EMP084,2025-01-19,Yes,10,1,None,Jan,Sun,4,Present
EMP084,2025-01-20,Yes,10,2,None,Jan,Mon,4,Present
EMP084,2025-01-21,Yes,10,2,None,Jan,Tue,4,Present
EMP084,2025-01-22,Yes,8,2,None,Jan,Wed,4,Present
EMP084,2025-01-23,Yes,10,1,None,Jan,Thu,4,Present
EMP084,2025-01-24,Yes,8,0,None,Jan,Fri,4,Present
EMP084,2025-01-25,No,0,0,Paid,Jan,Sat,4,Absent
EMP084,2025-01-26,Yes,8,1,None,Jan,Sun,5,Present
EMP084,2025-01-27,Yes,10,0,None,Jan,Mon,5,Present
EMP084,2025-01-28,Yes,9,1,None,Jan,Tue,5,Present
EMP084,2025-01-29,Yes,9,0,None,Jan,Wed,5,Present
EMP084,2025-01-30,No,0,0,Paid,Jan,Thu,5,Absent
EMP085,2025-01-01,Yes,9,1,None,Jan,Wed,1,Present
EMP085,2025-01-02,Yes,8,1,None,Jan,Thu,1,Present
EMP085,2025-01-03,Yes,8,2,None,Jan,Fri,1,Present
EMP085,2025-01-04,Yes,10,2,None,Jan,Sat,1,Present
EMP085,2025-01-05,Yes,10,2,None,Jan,Sun,2,Present
EMP085,2025-01-06,Yes,10,0,None,Jan,Mon,2,Present
EMP085,2025-01-07,Yes,9,2,None,Jan,Tue,2,Present
EMP085,2025-01-08,Yes,10,2,None,Jan,Wed,2,Present
EMP085,2025-01-09,Yes,10,1,None,Jan,Thu,2,Present
EMP085,2025-01-10,Yes,8,0,None,Jan,Fri,2,Present
EMP085,2025-01-11,Yes,10,0,None,Jan,Sat,2,Present
EMP085,2025-01-12,Yes,9,1,None,Jan,Sun,3,Present
EMP085,2025-01-13,Yes,10,1,None,Jan,Mon,3,Present
EMP085,2025-01-14,Yes,8,0,None,Jan,Tue,3,Present
EMP085,2025-01-15,No,0,0,Sick,Jan,Wed,3,Absent
EMP085,2025-01-16,Yes,9,0,None,Jan,Thu,3,Present
EMP085,2025-01-17,Yes,10,1,None,Jan,Fri,3,Present
EMP085,2025-01-18,Yes,10,1,None,Jan,Sat,3,Present
EMP085,2025-01-19,Yes,10,1,None,Jan,Sun,4,Present
EMP085,2025-01-20,Yes,9,2,None,Jan,Mon,4,Present
EMP085,2025-01-21,Yes,9,2,None,Jan,Tue,4,Present
EMP085,2025-01-22,Yes,8,0,None,Jan,Wed,4,Present
EMP085,2025-01-23,Yes,9,2,None,Jan,Thu,4,Present
EMP085,2025-01-24,Yes,10,2,None,Jan,Fri,4,Present
EMP085,2025-01-25,Yes,8,2,None,Jan,Sat,4,Present
EMP085,2025-01-26,Yes,9,0,None,Jan,Sun,5,Present
EMP085,2025-01-27,Yes,10,1,None,Jan,Mon,5,Present
EMP085,2025-01-28,Yes,8,2,None,Jan,Tue,5,Present
EMP085,2025-01-29,Yes,8,0,None,Jan,Wed,5,Present
EMP085,2025-01-30,Yes,9,0,None,Jan,Thu,5,Present
EMP086,2025-01-01,Yes,8,1,None,Jan,Wed,1,Present
EMP086,2025-01-02,Yes,9,1,None,Jan,Thu,1,Present
EMP086,2025-01-03,Yes,8,0,None,Jan,Fri,1,Present
EMP086,2025-01-04,Yes,10,1,None,Jan,Sat,1,Present
EMP086,2025-01-05,No,0,0,Casual,Jan,Sun,2,Absent
EMP086,2025-01-06,Yes,8,0,None,Jan,Mon,2,Present
EMP086,2025-01-07,Yes,9,0,None,Jan,Tue,2,Present
EMP086,2025-01-08,Yes,9,0,None,Jan,Wed,2,Present
EMP086,2025-01-09,Yes,9,1,None,Jan,Thu,2,Present
EMP086,2025-01-10,Yes,10,1,None,Jan,Fri,2,Present
EMP086,2025-01-11,Yes,9,1,None,Jan,Sat,2,Present
EMP086,2025-01-12,Yes,10,0,None,Jan,Sun,3,Present
EMP086,2025-01-13,Yes,10,2,None,Jan,Mon,3,Present
EMP086,2025-01-14,Yes,9,2,None,Jan,Tue,3,Present
EMP086,2025-01-15,Yes,10,1,None,Jan,Wed,3,Present
EMP086,2025-01-16,Yes,10,2,None,Jan,Thu,3,Present
EMP086,2025-01-17,Yes,9,0,None,Jan,Fri,3,Present
EMP086,2025-01-18,Yes,9,2,None,Jan,Sat,3,Present
EMP086,2025-01-19,No,0,0,Paid,Jan,Sun,4,Absent
EMP086,2025-01-20,Yes,10,1,None,Jan,Mon,4,Present
EMP086,2025-01-21,Yes,8,2,None,Jan,Tue,4,Present
EMP086,2025-01-22,No,0,0,Paid,Jan,Wed,4,Absent
EMP086,2025-01-23,Yes,10,1,None,Jan,Thu,4,Present
EMP086,2025-01-24,Yes,8,2,None,Jan,Fri,4,Present
EMP086,2025-01-25,Yes,8,2,None,Jan,Sat,4,Present
EMP086,2025-01-26,Yes,8,2,None,Jan,Sun,5,Present
EMP086,2025-01-27,Yes,9,2,None,Jan,Mon,5,Present
EMP086,2025-01-28,Yes,8,2,None,Jan,Tue,5,Present
EMP086,2025-01-29,Yes,8,0,None,Jan,Wed,5,Present
EMP086,2025-01-30,Yes,8,0,None,Jan,Thu,5,Present
EMP087,2025-01-01,Yes,10,1,None,Jan,Wed,1,Present
EMP087,2025-01-02,Yes,10,2,None,Jan,Thu,1,Present
EMP087,2025-01-03,Yes,10,0,None,Jan,Fri,1,Present
EMP087,2025-01-04,Yes,8,1,None,Jan,Sat,1,Present
EMP087,2025-01-05,Yes,9,0,None,Jan,Sun,2,Present
EMP087,2025-01-06,Yes,9,1,None,Jan,Mon,2,Present
EMP087,2025-01-07,Yes,8,0,None,Jan,Tue,2,Present
EMP087,2025-01-08,Yes,9,0,None,Jan,Wed,2,Present
EMP087,2025-01-09,Yes,8,0,None,Jan,Thu,2,Present
EMP087,2025-01-10,Yes,9,2,None,Jan,Fri,2,Present
EMP087,2025-01-11,Yes,10,1,None,Jan,Sat,2,Present
EMP087,2025-01-12,Yes,10,0,None,Jan,Sun,3,Present
EMP087,2025-01-13,Yes,8,1,None,Jan,Mon,3,Present
EMP087,2025-01-14,Yes,9,1,None,Jan,Tue,3,Present
EMP087,2025-01-15,Yes,8,0,None,Jan,Wed,3,Present
EMP087,2025-01-16,Yes,10,2,None,Jan,Thu,3,Present
EMP087,2025-01-17,Yes,10,2,None,Jan,Fri,3,Present
EMP087,2025-01-18,Yes,8,1,None,Jan,Sat,3,Present
EMP087,2025-01-19,No,0,0,Casual,Jan,Sun,4,Absent
EMP087,2025-01-20,Yes,8,1,None,Jan,Mon,4,Present
EMP087,2025-01-21,No,0,0,Paid,Jan,Tue,4,Absent
EMP087,2025-01-22,Yes,8,1,None,Jan,Wed,4,Present
EMP087,2025-01-23,Yes,10,2,None,Jan,Thu,4,Present
EMP087,2025-01-24,Yes,10,2,None,Jan,Fri,4,Present
EMP087,2025-01-25,Yes,9,2,None,Jan,Sat,4,Present
EMP087,2025-01-26,Yes,8,2,None,Jan,Sun,5,Present
EMP087,2025-01-27,Yes,8,1,None,Jan,Mon,5,Present
EMP087,2025-01-28,Yes,8,0,None,Jan,Tue,5,Present
EMP087,2025-01-29,Yes,9,2,None,Jan,Wed,5,Present
EMP087,2025-01-30,Yes,8,1,None,Jan,Thu,5,Present
EMP088,2025-01-01,Yes,10,1,None,Jan,Wed,1,Present
EMP088,2025-01-02,Yes,8,0,None,Jan,Thu,1,Present
EMP088,2025-01-03,No,0,0,Casual,Jan,Fri,1,Absent
EMP088,2025-01-04,Yes,9,2,None,Jan,Sat,1,Present
EMP088,2025-01-05,Yes,9,2,None,Jan,Sun,2,Present
EMP088,2025-01-06,Yes,10,1,None,Jan,Mon,2,Present
EMP088,2025-01-07,No,0,0,Paid,Jan,Tue,2,Absent
EMP088,2025-01-08,Yes,8,1,None,Jan,Wed,2,Present
EMP088,2025-01-09,Yes,10,0,None,Jan,Thu,2,Present
EMP088,2025-01-10,Yes,10,2,None,Jan,Fri,2,Present
EMP088,2025-01-11,Yes,9,0,None,Jan,Sat,2,Present
EMP088,2025-01-12,Yes,9,2,None,Jan,Sun,3,Present
EMP088,2025-01-13,Yes,10,1,None,Jan,Mon,3,Present
EMP088,2025-01-14,Yes,10,1,None,Jan,Tue,3,Present
EMP088,2025-01-15,Yes,10,1,None,Jan,Wed,3,Present
EMP088,2025-01-16,Yes,9,2,None,Jan,Thu,3,Present
EMP088,2025-01-17,Yes,10,0,None,Jan,Fri,3,Present
EMP088,2025-01-18,Yes,8,2,None,Jan,Sat,3,Present
EMP088,2025-01-19,Yes,8,2,None,Jan,Sun,4,Present
EMP088,2025-01-20,Yes,10,2,None,Jan,Mon,4,Present
EMP088,2025-01-21,Yes,9,2,None,Jan,Tue,4,Present
EMP088,2025-01-22,Yes,10,2,None,Jan,Wed,4,Present
EMP088,2025-01-23,No,0,0,Sick,Jan,Thu,4,Absent
EMP088,2025-01-24,Yes,10,1,None,Jan,Fri,4,Present
EMP088,2025-01-25,Yes,9,1,None,Jan,Sat,4,Present
EMP088,2025-01-26,Yes,9,1,None,Jan,Sun,5,Present
EMP088,2025-01-27,Yes,10,0,None,Jan,Mon,5,Present
EMP088,2025-01-28,Yes,9,0,None,Jan,Tue,5,Present
EMP088,2025-01-29,Yes,8,2,None,Jan,Wed,5,Present
EMP088,2025-01-30,No,0,0,Casual,Jan,Thu,5,Absent
EMP089,2025-01-01,Yes,10,1,None,Jan,Wed,1,Present
EMP089,2025-01-02,Yes,10,2,None,Jan,Thu,1,Present
EMP089,2025-01-03,Yes,10,0,None,Jan,Fri,1,Present
EMP089,2025-01-04,Yes,9,1,None,Jan,Sat,1,Present
EMP089,2025-01-05,No,0,0,Casual,Jan,Sun,2,Absent
EMP089,2025-01-06,Yes,10,2,None,Jan,Mon,2,Present
EMP089,2025-01-07,Yes,8,2,None,Jan,Tue,2,Present
EMP089,2025-01-08,Yes,9,2,None,Jan,Wed,2,Present
EMP089,2025-01-09,Yes,8,2,None,Jan,Thu,2,Present
EMP089,2025-01-10,Yes,10,2,None,Jan,Fri,2,Present
EMP089,2025-01-11,Yes,10,2,None,Jan,Sat,2,Present
EMP089,2025-01-12,Yes,10,0,None,Jan,Sun,3,Present
EMP089,2025-01-13,Yes,8,1,None,Jan,Mon,3,Present
EMP089,2025-01-14,Yes,8,2,None,Jan,Tue,3,Present
EMP089,2025-01-15,Yes,9,0,None,Jan,Wed,3,Present
EMP089,2025-01-16,Yes,8,2,None,Jan,Thu,3,Present
EMP089,2025-01-17,Yes,10,1,None,Jan,Fri,3,Present
EMP089,2025-01-18,Yes,9,0,None,Jan,Sat,3,Present
EMP089,2025-01-19,Yes,10,2,None,Jan,Sun,4,Present
EMP089,2025-01-20,Yes,8,1,None,Jan,Mon,4,Present
EMP089,2025-01-21,Yes,9,1,None,Jan,Tue,4,Present
EMP089,2025-01-22,Yes,10,1,None,Jan,Wed,4,Present
EMP089,2025-01-23,Yes,10,0,None,Jan,Thu,4,Present
EMP089,2025-01-24,Yes,8,0,None,Jan,Fri,4,Present
EMP089,2025-01-25,Yes,9,2,None,Jan,Sat,4,Present
EMP089,2025-01-26,Yes,8,1,None,Jan,Sun,5,Present
EMP089,2025-01-27,Yes,8,2,None,Jan,Mon,5,Present
EMP089,2025-01-28,Yes,10,0,None,Jan,Tue,5,Present
EMP089,2025-01-29,Yes,9,0,None,Jan,Wed,5,Present
EMP089,2025-01-30,Yes,8,0,None,Jan,Thu,5,Present
EMP090,2025-01-01,Yes,8,2,None,Jan,Wed,1,Present
EMP090,2025-01-02,Yes,8,1,None,Jan,Thu,1,Present
EMP090,2025-01-03,Yes,8,2,None,Jan,Fri,1,Present
EMP090,2025-01-04,Yes,9,1,None,Jan,Sat,1,Present
EMP090,2025-01-05,Yes,9,0,None,Jan,Sun,2,Present
EMP090,2025-01-06,Yes,8,1,None,Jan,Mon,2,Present
EMP090,2025-01-07,Yes,8,0,None,Jan,Tue,2,Present
EMP090,2025-01-08,Yes,10,1,None,Jan,Wed,2,Present
EMP090,2025-01-09,Yes,10,1,None,Jan,Thu,2,Present
EMP090,2025-01-10,Yes,8,0,None,Jan,Fri,2,Present
EMP090,2025-01-11,Yes,9,1,None,Jan,Sat,2,Present
EMP090,2025-01-12,Yes,10,0,None,Jan,Sun,3,Present
EMP090,2025-01-13,Yes,8,1,None,Jan,Mon,3,Present
EMP090,2025-01-14,No,0,0,Paid,Jan,Tue,3,Absent
EMP090,2025-01-15,Yes,8,0,None,Jan,Wed,3,Present
EMP090,2025-01-16,Yes,10,0,None,Jan,Thu,3,Present
EMP090,2025-01-17,Yes,9,1,None,Jan,Fri,3,Present
EMP090,2025-01-18,Yes,9,0,None,Jan,Sat,3,Present
EMP090,2025-01-19,Yes,10,2,None,Jan,Sun,4,Present
EMP090,2025-01-20,No,0,0,Casual,Jan,Mon,4,Absent
EMP090,2025-01-21,Yes,9,2,None,Jan,Tue,4,Present
EMP090,2025-01-22,Yes,9,2,None,Jan,Wed,4,Present
EMP090,2025-01-23,Yes,8,1,None,Jan,Thu,4,Present
EMP090,2025-01-24,Yes,10,0,None,Jan,Fri,4,Present
EMP090,2025-01-25,Yes,8,2,None,Jan,Sat,4,Present
EMP090,2025-01-26,Yes,10,0,None,Jan,Sun,5,Present
EMP090,2025-01-27,Yes,8,2,None,Jan,Mon,5,Present
EMP090,2025-01-28,Yes,9,1,None,Jan,Tue,5,Present
EMP090,2025-01-29,Yes,10,1,None,Jan,Wed,5,Present
EMP090,2025-01-30,Yes,8,0,None,Jan,Thu,5,Present
EMP091,2025-01-01,No,0,0,Casual,Jan,Wed,1,Absent
EMP091,2025-01-02,Yes,10,2,None,Jan,Thu,1,Present
EMP091,2025-01-03,Yes,9,2,None,Jan,Fri,1,Present
EMP091,2025-01-04,Yes,8,0,None,Jan,Sat,1,Present
EMP091,2025-01-05,Yes,10,1,None,Jan,Sun,2,Present
EMP091,2025-01-06,Yes,8,2,None,Jan,Mon,2,Present
EMP091,2025-01-07,Yes,10,0,None,Jan,Tue,2,Present
EMP091,2025-01-08,No,0,0,Paid,Jan,Wed,2,Absent
EMP091,2025-01-09,Yes,10,0,None,Jan,Thu,2,Present
EMP091,2025-01-10,Yes,8,0,None,Jan,Fri,2,Present
EMP091,2025-01-11,Yes,8,0,None,Jan,Sat,2,Present
EMP091,2025-01-12,Yes,10,1,None,Jan,Sun,3,Present
EMP091,2025-01-13,Yes,9,2,None,Jan,Mon,3,Present
EMP091,2025-01-14,Yes,10,2,None,Jan,Tue,3,Present
EMP091,2025-01-15,Yes,10,1,None,Jan,Wed,3,Present
EMP091,2025-01-16,Yes,8,0,None,Jan,Thu,3,Present
EMP091,2025-01-17,Yes,8,1,None,Jan,Fri,3,Present
EMP091,2025-01-18,Yes,8,2,None,Jan,Sat,3,Present
EMP091,2025-01-19,Yes,8,1,None,Jan,Sun,4,Present
EMP091,2025-01-20,Yes,8,1,None,Jan,Mon,4,Present
EMP091,2025-01-21,Yes,9,2,None,Jan,Tue,4,Present
EMP091,2025-01-22,Yes,9,0,None,Jan,Wed,4,Present
EMP091,2025-01-23,Yes,8,1,None,Jan,Thu,4,Present
EMP091,2025-01-24,No,0,0,Casual,Jan,Fri,4,Absent
EMP091,2025-01-25,No,0,0,Sick,Jan,Sat,4,Absent
EMP091,2025-01-26,Yes,9,0,None,Jan,Sun,5,Present
EMP091,2025-01-27,Yes,9,0,None,Jan,Mon,5,Present
EMP091,2025-01-28,Yes,8,0,None,Jan,Tue,5,Present
EMP091,2025-01-29,Yes,8,1,None,Jan,Wed,5,Present
EMP091,2025-01-30,Yes,9,2,None,Jan,Thu,5,Present
EMP092,2025-01-01,Yes,8,0,None,Jan,Wed,1,Present
EMP092,2025-01-02,Yes,9,0,None,Jan,Thu,1,Present
EMP092,2025-01-03,No,0,0,Paid,Jan,Fri,1,Absent
EMP092,2025-01-04,Yes,10,0,None,Jan,Sat,1,Present
EMP092,2025-01-05,Yes,8,1,None,Jan,Sun,2,Present
EMP092,2025-01-06,Yes,9,1,None,Jan,Mon,2,Present
EMP092,2025-01-07,Yes,10,2,None,Jan,Tue,2,Present
EMP092,2025-01-08,Yes,10,0,None,Jan,Wed,2,Present
EMP092,2025-01-09,Yes,8,0,None,Jan,Thu,2,Present
EMP092,2025-01-10,Yes,9,2,None,Jan,Fri,2,Present
EMP092,2025-01-11,Yes,10,1,None,Jan,Sat,2,Present
EMP092,2025-01-12,Yes,8,0,None,Jan,Sun,3,Present
EMP092,2025-01-13,Yes,10,0,None,Jan,Mon,3,Present
EMP092,2025-01-14,Yes,9,0,None,Jan,Tue,3,Present
EMP092,2025-01-15,Yes,8,2,None,Jan,Wed,3,Present
EMP092,2025-01-16,Yes,8,2,None,Jan,Thu,3,Present
EMP092,2025-01-17,Yes,9,0,None,Jan,Fri,3,Present
EMP092,2025-01-18,Yes,9,2,None,Jan,Sat,3,Present
EMP092,2025-01-19,Yes,8,2,None,Jan,Sun,4,Present
EMP092,2025-01-20,Yes,10,2,None,Jan,Mon,4,Present
EMP092,2025-01-21,Yes,10,1,None,Jan,Tue,4,Present
EMP092,2025-01-22,Yes,10,1,None,Jan,Wed,4,Present
EMP092,2025-01-23,Yes,9,2,None,Jan,Thu,4,Present
EMP092,2025-01-24,Yes,9,1,None,Jan,Fri,4,Present
EMP092,2025-01-25,Yes,10,2,None,Jan,Sat,4,Present
EMP092,2025-01-26,Yes,8,0,None,Jan,Sun,5,Present
EMP092,2025-01-27,Yes,9,0,None,Jan,Mon,5,Present
EMP092,2025-01-28,Yes,9,1,None,Jan,Tue,5,Present
EMP092,2025-01-29,Yes,10,0,None,Jan,Wed,5,Present
EMP092,2025-01-30,Yes,9,1,None,Jan,Thu,5,Present
EMP093,2025-01-01,Yes,8,0,None,Jan,Wed,1,Present
EMP093,2025-01-02,Yes,10,1,None,Jan,Thu,1,Present
EMP093,2025-01-03,Yes,8,1,None,Jan,Fri,1,Present
EMP093,2025-01-04,Yes,9,1,None,Jan,Sat,1,Present
EMP093,2025-01-05,Yes,9,1,None,Jan,Sun,2,Present
EMP093,2025-01-06,Yes,9,1,None,Jan,Mon,2,Present
EMP093,2025-01-07,Yes,8,0,None,Jan,Tue,2,Present
EMP093,2025-01-08,Yes,9,2,None,Jan,Wed,2,Present
EMP093,2025-01-09,No,0,0,Sick,Jan,Thu,2,Absent
EMP093,2025-01-10,Yes,10,2,None,Jan,Fri,2,Present
EMP093,2025-01-11,Yes,8,1,None,Jan,Sat,2,Present
EMP093,2025-01-12,Yes,8,0,None,Jan,Sun,3,Present
EMP093,2025-01-13,No,0,0,Sick,Jan,Mon,3,Absent
EMP093,2025-01-14,Yes,9,0,None,Jan,Tue,3,Present
EMP093,2025-01-15,Yes,9,1,None,Jan,Wed,3,Present
EMP093,2025-01-16,Yes,10,1,None,Jan,Thu,3,Present
EMP093,2025-01-17,Yes,10,0,None,Jan,Fri,3,Present
EMP093,2025-01-18,Yes,10,2,None,Jan,Sat,3,Present
EMP093,2025-01-19,Yes,9,0,None,Jan,Sun,4,Present
EMP093,2025-01-20,Yes,9,1,None,Jan,Mon,4,Present
EMP093,2025-01-21,Yes,9,1,None,Jan,Tue,4,Present
EMP093,2025-01-22,Yes,10,0,None,Jan,Wed,4,Present
EMP093,2025-01-23,Yes,10,0,None,Jan,Thu,4,Present
EMP093,2025-01-24,Yes,8,0,None,Jan,Fri,4,Present
EMP093,2025-01-25,Yes,8,1,None,Jan,Sat,4,Present
EMP093,2025-01-26,Yes,10,2,None,Jan,Sun,5,Present
EMP093,2025-01-27,Yes,10,1,None,Jan,Mon,5,Present
EMP093,2025-01-28,Yes,8,1,None,Jan,Tue,5,Present
EMP093,2025-01-29,Yes,9,2,None,Jan,Wed,5,Present
EMP093,2025-01-30,Yes,9,1,None,Jan,Thu,5,Present
EMP094,2025-01-01,Yes,8,1,None,Jan,Wed,1,Present
EMP094,2025-01-02,Yes,8,1,None,Jan,Thu,1,Present
EMP094,2025-01-03,Yes,8,1,None,Jan,Fri,1,Present
EMP094,2025-01-04,Yes,9,1,None,Jan,Sat,1,Present
EMP094,2025-01-05,Yes,9,2,None,Jan,Sun,2,Present
EMP094,2025-01-06,Yes,10,2,None,Jan,Mon,2,Present
EMP094,2025-01-07,Yes,10,0,None,Jan,Tue,2,Present
EMP094,2025-01-08,Yes,8,0,None,Jan,Wed,2,Present
EMP094,2025-01-09,Yes,9,2,None,Jan,Thu,2,Present
EMP094,2025-01-10,Yes,10,2,None,Jan,Fri,2,Present
EMP094,2025-01-11,Yes,9,1,None,Jan,Sat,2,Present
EMP094,2025-01-12,Yes,9,0,None,Jan,Sun,3,Present
EMP094,2025-01-13,Yes,8,1,None,Jan,Mon,3,Present
EMP094,2025-01-14,Yes,10,1,None,Jan,Tue,3,Present
EMP094,2025-01-15,Yes,9,0,None,Jan,Wed,3,Present
EMP094,2025-01-16,Yes,10,2,None,Jan,Thu,3,Present
EMP094,2025-01-17,Yes,10,2,None,Jan,Fri,3,Present
EMP094,2025-01-18,Yes,8,0,None,Jan,Sat,3,Present
EMP094,2025-01-19,No,0,0,Casual,Jan,Sun,4,Absent
EMP094,2025-01-20,Yes,8,1,None,Jan,Mon,4,Present
EMP094,2025-01-21,Yes,8,1,None,Jan,Tue,4,Present
EMP094,2025-01-22,No,0,0,Paid,Jan,Wed,4,Absent
EMP094,2025-01-23,No,0,0,Casual,Jan,Thu,4,Absent
EMP094,2025-01-24,Yes,9,1,None,Jan,Fri,4,Present
EMP094,2025-01-25,Yes,8,0,None,Jan,Sat,4,Present
EMP094,2025-01-26,Yes,9,2,None,Jan,Sun,5,Present
EMP094,2025-01-27,No,0,0,Sick,Jan,Mon,5,Absent
EMP094,2025-01-28,Yes,8,1,None,Jan,Tue,5,Present
EMP094,2025-01-29,Yes,10,2,None,Jan,Wed,5,Present
EMP094,2025-01-30,Yes,10,2,None,Jan,Thu,5,Present
EMP095,2025-01-01,Yes,10,0,None,Jan,Wed,1,Present
EMP095,2025-01-02,Yes,10,1,None,Jan,Thu,1,Present
EMP095,2025-01-03,Yes,8,0,None,Jan,Fri,1,Present
EMP095,2025-01-04,Yes,9,2,None,Jan,Sat,1,Present
EMP095,2025-01-05,Yes,10,1,None,Jan,Sun,2,Present
EMP095,2025-01-06,Yes,9,1,None,Jan,Mon,2,Present
EMP095,2025-01-07,Yes,8,2,None,Jan,Tue,2,Present
EMP095,2025-01-08,Yes,10,1,None,Jan,Wed,2,Present
EMP095,2025-01-09,Yes,10,1,None,Jan,Thu,2,Present
EMP095,2025-01-10,Yes,8,1,None,Jan,Fri,2,Present
EMP095,2025-01-11,Yes,10,2,None,Jan,Sat,2,Present
EMP095,2025-01-12,Yes,9,2,None,Jan,Sun,3,Present
EMP095,2025-01-13,Yes,10,0,None,Jan,Mon,3,Present
EMP095,2025-01-14,Yes,8,0,None,Jan,Tue,3,Present
EMP095,2025-01-15,Yes,8,1,None,Jan,Wed,3,Present
EMP095,2025-01-16,Yes,10,1,None,Jan,Thu,3,Present
EMP095,2025-01-17,Yes,8,2,None,Jan,Fri,3,Present
EMP095,2025-01-18,Yes,8,1,None,Jan,Sat,3,Present
EMP095,2025-01-19,Yes,10,0,None,Jan,Sun,4,Present
EMP095,2025-01-20,Yes,8,0,None,Jan,Mon,4,Present
EMP095,2025-01-21,Yes,9,1,None,Jan,Tue,4,Present
EMP095,2025-01-22,Yes,9,0,None,Jan,Wed,4,Present
EMP095,2025-01-23,Yes,9,0,None,Jan,Thu,4,Present
EMP095,2025-01-24,No,0,0,Paid,Jan,Fri,4,Absent
EMP095,2025-01-25,Yes,9,1,None,Jan,Sat,4,Present
EMP095,2025-01-26,Yes,9,0,None,Jan,Sun,5,Present
EMP095,2025-01-27,Yes,8,1,None,Jan,Mon,5,Present
EMP095,2025-01-28,Yes,8,1,None,Jan,Tue,5,Present
EMP095,2025-01-29,Yes,9,1,None,Jan,Wed,5,Present
EMP095,2025-01-30,Yes,8,2,None,Jan,Thu,5,Present
EMP096,2025-01-01,Yes,10,1,None,Jan,Wed,1,Present
EMP096,2025-01-02,Yes,9,0,None,Jan,Thu,1,Present
EMP096,2025-01-03,Yes,8,2,None,Jan,Fri,1,Present
EMP096,2025-01-04,Yes,9,0,None,Jan,Sat,1,Present
EMP096,2025-01-05,Yes,9,0,None,Jan,Sun,2,Present
EMP096,2025-01-06,No,0,0,Sick,Jan,Mon,2,Absent
EMP096,2025-01-07,Yes,8,1,None,Jan,Tue,2,Present
EMP096,2025-01-08,Yes,8,2,None,Jan,Wed,2,Present
EMP096,2025-01-09,No,0,0,Paid,Jan,Thu,2,Absent
EMP096,2025-01-10,Yes,9,2,None,Jan,Fri,2,Present
EMP096,2025-01-11,No,0,0,Paid,Jan,Sat,2,Absent
EMP096,2025-01-12,Yes,10,2,None,Jan,Sun,3,Present
EMP096,2025-01-13,Yes,8,1,None,Jan,Mon,3,Present
EMP096,2025-01-14,Yes,9,0,None,Jan,Tue,3,Present
EMP096,2025-01-15,Yes,8,1,None,Jan,Wed,3,Present
EMP096,2025-01-16,Yes,8,1,None,Jan,Thu,3,Present
EMP096,2025-01-17,Yes,8,0,None,Jan,Fri,3,Present
EMP096,2025-01-18,No,0,0,Sick,Jan,Sat,3,Absent
EMP096,2025-01-19,Yes,9,0,None,Jan,Sun,4,Present
EMP096,2025-01-20,Yes,8,0,None,Jan,Mon,4,Present
EMP096,2025-01-21,Yes,8,2,None,Jan,Tue,4,Present
EMP096,2025-01-22,Yes,8,0,None,Jan,Wed,4,Present
EMP096,2025-01-23,Yes,8,1,None,Jan,Thu,4,Present
EMP096,2025-01-24,Yes,10,0,None,Jan,Fri,4,Present
EMP096,2025-01-25,Yes,10,1,None,Jan,Sat,4,Present
EMP096,2025-01-26,Yes,8,0,None,Jan,Sun,5,Present
EMP096,2025-01-27,Yes,9,1,None,Jan,Mon,5,Present
EMP096,2025-01-28,Yes,9,2,None,Jan,Tue,5,Present
EMP096,2025-01-29,Yes,9,0,None,Jan,Wed,5,Present
EMP096,2025-01-30,Yes,8,2,None,Jan,Thu,5,Present
EMP097,2025-01-01,Yes,10,2,None,Jan,Wed,1,Present
EMP097,2025-01-02,Yes,8,0,None,Jan,Thu,1,Present
EMP097,2025-01-03,Yes,10,1,None,Jan,Fri,1,Present
EMP097,2025-01-04,Yes,8,2,None,Jan,Sat,1,Present
EMP097,2025-01-05,Yes,10,0,None,Jan,Sun,2,Present
EMP097,2025-01-06,Yes,8,2,None,Jan,Mon,2,Present
EMP097,2025-01-07,Yes,10,2,None,Jan,Tue,2,Present
EMP097,2025-01-08,Yes,10,0,None,Jan,Wed,2,Present
EMP097,2025-01-09,Yes,10,2,None,Jan,Thu,2,Present
EMP097,2025-01-10,Yes,10,1,None,Jan,Fri,2,Present
EMP097,2025-01-11,No,0,0,Sick,Jan,Sat,2,Absent
EMP097,2025-01-12,Yes,10,1,None,Jan,Sun,3,Present
EMP097,2025-01-13,Yes,10,2,None,Jan,Mon,3,Present
EMP097,2025-01-14,Yes,10,2,None,Jan,Tue,3,Present
EMP097,2025-01-15,Yes,8,0,None,Jan,Wed,3,Present
EMP097,2025-01-16,Yes,8,1,None,Jan,Thu,3,Present
EMP097,2025-01-17,Yes,9,0,None,Jan,Fri,3,Present
EMP097,2025-01-18,Yes,8,0,None,Jan,Sat,3,Present
EMP097,2025-01-19,Yes,9,0,None,Jan,Sun,4,Present
EMP097,2025-01-20,Yes,8,2,None,Jan,Mon,4,Present
EMP097,2025-01-21,No,0,0,Paid,Jan,Tue,4,Absent
EMP097,2025-01-22,Yes,9,2,None,Jan,Wed,4,Present
EMP097,2025-01-23,Yes,8,1,None,Jan,Thu,4,Present
EMP097,2025-01-24,Yes,8,2,None,Jan,Fri,4,Present
EMP097,2025-01-25,Yes,9,2,None,Jan,Sat,4,Present
EMP097,2025-01-26,Yes,8,0,None,Jan,Sun,5,Present
EMP097,2025-01-27,Yes,9,1,None,Jan,Mon,5,Present
EMP097,2025-01-28,Yes,10,0,None,Jan,Tue,5,Present
EMP097,2025-01-29,Yes,10,0,None,Jan,Wed,5,Present
EMP097,2025-01-30,Yes,10,2,None,Jan,Thu,5,Present
EMP098,2025-01-01,Yes,9,2,None,Jan,Wed,1,Present
EMP098,2025-01-02,Yes,9,2,None,Jan,Thu,1,Present
EMP098,2025-01-03,No,0,0,Casual,Jan,Fri,1,Absent
EMP098,2025-01-04,No,0,0,Sick,Jan,Sat,1,Absent
EMP098,2025-01-05,No,0,0,Sick,Jan,Sun,2,Absent
EMP098,2025-01-06,Yes,8,0,None,Jan,Mon,2,Present
EMP098,2025-01-07,Yes,10,0,None,Jan,Tue,2,Present
EMP098,2025-01-08,Yes,8,1,None,Jan,Wed,2,Present
EMP098,2025-01-09,Yes,9,0,None,Jan,Thu,2,Present
EMP098,2025-01-10,Yes,8,1,None,Jan,Fri,2,Present
EMP098,2025-01-11,Yes,8,1,None,Jan,Sat,2,Present
EMP098,2025-01-12,Yes,9,2,None,Jan,Sun,3,Present
EMP098,2025-01-13,Yes,9,0,None,Jan,Mon,3,Present
EMP098,2025-01-14,Yes,9,1,None,Jan,Tue,3,Present
EMP098,2025-01-15,Yes,9,1,None,Jan,Wed,3,Present
EMP098,2025-01-16,Yes,10,2,None,Jan,Thu,3,Present
EMP098,2025-01-17,Yes,8,1,None,Jan,Fri,3,Present
EMP098,2025-01-18,No,0,0,Casual,Jan,Sat,3,Absent
EMP098,2025-01-19,Yes,8,1,None,Jan,Sun,4,Present
EMP098,2025-01-20,Yes,8,2,None,Jan,Mon,4,Present
EMP098,2025-01-21,Yes,9,1,None,Jan,Tue,4,Present
EMP098,2025-01-22,Yes,9,1,None,Jan,Wed,4,Present
EMP098,2025-01-23,Yes,10,1,None,Jan,Thu,4,Present
EMP098,2025-01-24,No,0,0,Sick,Jan,Fri,4,Absent
EMP098,2025-01-25,Yes,8,0,None,Jan,Sat,4,Present
EMP098,2025-01-26,Yes,8,0,None,Jan,Sun,5,Present
EMP098,2025-01-27,Yes,10,2,None,Jan,Mon,5,Present
EMP098,2025-01-28,Yes,9,1,None,Jan,Tue,5,Present
EMP098,2025-01-29,Yes,10,1,None,Jan,Wed,5,Present
EMP098,2025-01-30,Yes,9,2,None,Jan,Thu,5,Present
EMP099,2025-01-01,Yes,8,1,None,Jan,Wed,1,Present
EMP099,2025-01-02,Yes,8,1,None,Jan,Thu,1,Present
EMP099,2025-01-03,Yes,8,0,None,Jan,Fri,1,Present
EMP099,2025-01-04,Yes,9,2,None,Jan,Sat,1,Present
EMP099,2025-01-05,Yes,10,1,None,Jan,Sun,2,Present
EMP099,2025-01-06,Yes,9,2,None,Jan,Mon,2,Present
EMP099,2025-01-07,No,0,0,Casual,Jan,Tue,2,Absent
EMP099,2025-01-08,Yes,10,0,None,Jan,Wed,2,Present
EMP099,2025-01-09,Yes,8,1,None,Jan,Thu,2,Present
EMP099,2025-01-10,Yes,10,0,None,Jan,Fri,2,Present
EMP099,2025-01-11,Yes,10,0,None,Jan,Sat,2,Present
EMP099,2025-01-12,Yes,9,2,None,Jan,Sun,3,Present
EMP099,2025-01-13,Yes,8,2,None,Jan,Mon,3,Present
EMP099,2025-01-14,Yes,10,0,None,Jan,Tue,3,Present
EMP099,2025-01-15,No,0,0,Sick,Jan,Wed,3,Absent
EMP099,2025-01-16,Yes,9,1,None,Jan,Thu,3,Present
EMP099,2025-01-17,Yes,8,2,None,Jan,Fri,3,Present
EMP099,2025-01-18,Yes,9,0,None,Jan,Sat,3,Present
EMP099,2025-01-19,Yes,9,2,None,Jan,Sun,4,Present
EMP099,2025-01-20,Yes,10,2,None,Jan,Mon,4,Present
EMP099,2025-01-21,Yes,10,1,None,Jan,Tue,4,Present
EMP099,2025-01-22,Yes,10,0,None,Jan,Wed,4,Present
EMP099,2025-01-23,Yes,10,1,None,Jan,Thu,4,Present
EMP099,2025-01-24,Yes,9,2,None,Jan,Fri,4,Present
EMP099,2025-01-25,Yes,10,1,None,Jan,Sat,4,Present
EMP099,2025-01-26,Yes,8,0,None,Jan,Sun,5,Present
EMP099,2025-01-27,Yes,8,0,None,Jan,Mon,5,Present
EMP099,2025-01-28,No,0,0,Paid,Jan,Tue,5,Absent
EMP099,2025-01-29,Yes,9,2,None,Jan,Wed,5,Present
EMP099,2025-01-30,Yes,9,0,None,Jan,Thu,5,Present
EMP100,2025-01-01,Yes,8,2,None,Jan,Wed,1,Present
EMP100,2025-01-02,Yes,9,0,None,Jan,Thu,1,Present
EMP100,2025-01-03,Yes,8,1,None,Jan,Fri,1,Present
EMP100,2025-01-04,Yes,8,0,None,Jan,Sat,1,Present
EMP100,2025-01-05,Yes,10,0,None,Jan,Sun,2,Present
EMP100,2025-01-06,Yes,8,1,None,Jan,Mon,2,Present
EMP100,2025-01-07,Yes,9,1,None,Jan,Tue,2,Present
EMP100,2025-01-08,Yes,10,0,None,Jan,Wed,2,Present
EMP100,2025-01-09,Yes,8,0,None,Jan,Thu,2,Present
EMP100,2025-01-10,Yes,9,0,None,Jan,Fri,2,Present
EMP100,2025-01-11,Yes,9,0,None,Jan,Sat,2,Present
EMP100,2025-01-12,Yes,9,1,None,Jan,Sun,3,Present
EMP100,2025-01-13,Yes,8,0,None,Jan,Mon,3,Present
EMP100,2025-01-14,No,0,0,Sick,Jan,Tue,3,Absent
EMP100,2025-01-15,Yes,8,0,None,Jan,Wed,3,Present
EMP100,2025-01-16,Yes,8,1,None,Jan,Thu,3,Present
EMP100,2025-01-17,Yes,9,1,None,Jan,Fri,3,Present
EMP100,2025-01-18,Yes,9,2,None,Jan,Sat,3,Present
EMP100,2025-01-19,Yes,9,2,None,Jan,Sun,4,Present
EMP100,2025-01-20,Yes,9,0,None,Jan,Mon,4,Present
EMP100,2025-01-21,Yes,10,1,None,Jan,Tue,4,Present
EMP100,2025-01-22,Yes,8,1,None,Jan,Wed,4,Present
EMP100,2025-01-23,Yes,8,0,None,Jan,Thu,4,Present
EMP100,2025-01-24,Yes,10,1,None,Jan,Fri,4,Present
EMP100,2025-01-25,Yes,8,0,None,Jan,Sat,4,Present
EMP100,2025-01-26,Yes,10,1,None,Jan,Sun,5,Present
EMP100,2025-01-27,Yes,8,1,None,Jan,Mon,5,Present
EMP100,2025-01-28,Yes,10,2,None,Jan,Tue,5,Present
EMP100,2025-01-29,Yes,10,1,None,Jan,Wed,5,Present
EMP100,2025-01-30,Yes,8,2,None,Jan,Thu,5,Present
EMP101,2025-01-01,Yes,9,0,None,Jan,Wed,1,Present
EMP101,2025-01-02,Yes,8,2,None,Jan,Thu,1,Present
EMP101,2025-01-03,Yes,9,0,None,Jan,Fri,1,Present
EMP101,2025-01-04,Yes,9,2,None,Jan,Sat,1,Present
EMP101,2025-01-05,Yes,8,1,None,Jan,Sun,2,Present
EMP101,2025-01-06,Yes,9,2,None,Jan,Mon,2,Present
EMP101,2025-01-07,Yes,8,2,None,Jan,Tue,2,Present
EMP101,2025-01-08,Yes,10,0,None,Jan,Wed,2,Present
EMP101,2025-01-09,Yes,10,2,None,Jan,Thu,2,Present
EMP101,2025-01-10,Yes,10,2,None,Jan,Fri,2,Present
EMP101,2025-01-11,No,0,0,Casual,Jan,Sat,2,Absent
EMP101,2025-01-12,Yes,9,2,None,Jan,Sun,3,Present
EMP101,2025-01-13,Yes,9,0,None,Jan,Mon,3,Present
EMP101,2025-01-14,Yes,8,1,None,Jan,Tue,3,Present
EMP101,2025-01-15,Yes,8,0,None,Jan,Wed,3,Present
EMP101,2025-01-16,Yes,10,2,None,Jan,Thu,3,Present
EMP101,2025-01-17,Yes,9,2,None,Jan,Fri,3,Present
EMP101,2025-01-18,No,0,0,Casual,Jan,Sat,3,Absent
EMP101,2025-01-19,Yes,9,0,None,Jan,Sun,4,Present
EMP101,2025-01-20,Yes,10,1,None,Jan,Mon,4,Present
EMP101,2025-01-21,Yes,10,0,None,Jan,Tue,4,Present
EMP101,2025-01-22,Yes,10,2,None,Jan,Wed,4,Present
EMP101,2025-01-23,Yes,8,2,None,Jan,Thu,4,Present
EMP101,2025-01-24,Yes,8,2,None,Jan,Fri,4,Present
EMP101,2025-01-25,Yes,10,0,None,Jan,Sat,4,Present
EMP101,2025-01-26,Yes,9,2,None,Jan,Sun,5,Present
EMP101,2025-01-27,Yes,10,1,None,Jan,Mon,5,Present
EMP101,2025-01-28,Yes,10,1,None,Jan,Tue,5,Present
EMP101,2025-01-29,Yes,8,1,None,Jan,Wed,5,Present
EMP101,2025-01-30,Yes,8,0,None,Jan,Thu,5,Present
EMP102,2025-01-01,Yes,10,2,None,Jan,Wed,1,Present
EMP102,2025-01-02,Yes,10,0,None,Jan,Thu,1,Present
EMP102,2025-01-03,Yes,8,1,None,Jan,Fri,1,Present
EMP102,2025-01-04,Yes,10,2,None,Jan,Sat,1,Present
EMP102,2025-01-05,No,0,0,Sick,Jan,Sun,2,Absent
EMP102,2025-01-06,Yes,8,1,None,Jan,Mon,2,Present
EMP102,2025-01-07,Yes,9,1,None,Jan,Tue,2,Present
EMP102,2025-01-08,Yes,8,2,None,Jan,Wed,2,Present
EMP102,2025-01-09,Yes,10,0,None,Jan,Thu,2,Present
EMP102,2025-01-10,Yes,8,2,None,Jan,Fri,2,Present
EMP102,2025-01-11,Yes,9,0,None,Jan,Sat,2,Present
EMP102,2025-01-12,Yes,9,0,None,Jan,Sun,3,Present
EMP102,2025-01-13,Yes,9,0,None,Jan,Mon,3,Present
EMP102,2025-01-14,Yes,8,2,None,Jan,Tue,3,Present
EMP102,2025-01-15,Yes,10,0,None,Jan,Wed,3,Present
EMP102,2025-01-16,Yes,9,2,None,Jan,Thu,3,Present
EMP102,2025-01-17,Yes,8,1,None,Jan,Fri,3,Present
EMP102,2025-01-18,Yes,10,2,None,Jan,Sat,3,Present
EMP102,2025-01-19,Yes,8,1,None,Jan,Sun,4,Present
EMP102,2025-01-20,Yes,9,0,None,Jan,Mon,4,Present
EMP102,2025-01-21,Yes,9,0,None,Jan,Tue,4,Present
EMP102,2025-01-22,Yes,8,2,None,Jan,Wed,4,Present
EMP102,2025-01-23,Yes,8,2,None,Jan,Thu,4,Present
EMP102,2025-01-24,Yes,8,1,None,Jan,Fri,4,Present
EMP102,2025-01-25,Yes,9,2,None,Jan,Sat,4,Present
EMP102,2025-01-26,Yes,8,0,None,Jan,Sun,5,Present
EMP102,2025-01-27,Yes,9,1,None,Jan,Mon,5,Present
EMP102,2025-01-28,Yes,9,1,None,Jan,Tue,5,Present
EMP102,2025-01-29,Yes,10,2,None,Jan,Wed,5,Present
EMP102,2025-01-30,Yes,10,0,None,Jan,Thu,5,Present
EMP103,2025-01-01,Yes,10,1,None,Jan,Wed,1,Present
EMP103,2025-01-02,Yes,9,2,None,Jan,Thu,1,Present
EMP103,2025-01-03,Yes,8,2,None,Jan,Fri,1,Present
EMP103,2025-01-04,Yes,10,0,None,Jan,Sat,1,Present
EMP103,2025-01-05,Yes,9,2,None,Jan,Sun,2,Present
EMP103,2025-01-06,Yes,8,0,None,Jan,Mon,2,Present
EMP103,2025-01-07,Yes,10,0,None,Jan,Tue,2,Present
EMP103,2025-01-08,Yes,8,1,None,Jan,Wed,2,Present
EMP103,2025-01-09,Yes,10,0,None,Jan,Thu,2,Present
EMP103,2025-01-10,Yes,8,1,None,Jan,Fri,2,Present
EMP103,2025-01-11,Yes,9,2,None,Jan,Sat,2,Present
EMP103,2025-01-12,Yes,8,0,None,Jan,Sun,3,Present
EMP103,2025-01-13,Yes,9,0,None,Jan,Mon,3,Present
EMP103,2025-01-14,Yes,8,2,None,Jan,Tue,3,Present
EMP103,2025-01-15,Yes,10,1,None,Jan,Wed,3,Present
EMP103,2025-01-16,Yes,10,2,None,Jan,Thu,3,Present
EMP103,2025-01-17,Yes,8,0,None,Jan,Fri,3,Present
EMP103,2025-01-18,Yes,9,1,None,Jan,Sat,3,Present
EMP103,2025-01-19,Yes,8,2,None,Jan,Sun,4,Present
EMP103,2025-01-20,Yes,10,2,None,Jan,Mon,4,Present
EMP103,2025-01-21,Yes,9,2,None,Jan,Tue,4,Present
EMP103,2025-01-22,Yes,10,2,None,Jan,Wed,4,Present
EMP103,2025-01-23,Yes,8,0,None,Jan,Thu,4,Present
EMP103,2025-01-24,Yes,8,1,None,Jan,Fri,4,Present
EMP103,2025-01-25,Yes,10,0,None,Jan,Sat,4,Present
EMP103,2025-01-26,No,0,0,Paid,Jan,Sun,5,Absent
EMP103,2025-01-27,Yes,9,1,None,Jan,Mon,5,Present
EMP103,2025-01-28,Yes,8,2,None,Jan,Tue,5,Present
EMP103,2025-01-29,Yes,9,2,None,Jan,Wed,5,Present
EMP103,2025-01-30,Yes,9,2,None,Jan,Thu,5,Present
EMP104,2025-01-01,Yes,9,0,None,Jan,Wed,1,Present
EMP104,2025-01-02,Yes,10,0,None,Jan,Thu,1,Present
EMP104,2025-01-03,Yes,10,0,None,Jan,Fri,1,Present
EMP104,2025-01-04,Yes,10,2,None,Jan,Sat,1,Present
EMP104,2025-01-05,Yes,10,2,None,Jan,Sun,2,Present
EMP104,2025-01-06,Yes,10,0,None,Jan,Mon,2,Present
EMP104,2025-01-07,Yes,8,2,None,Jan,Tue,2,Present
EMP104,2025-01-08,Yes,8,2,None,Jan,Wed,2,Present
EMP104,2025-01-09,Yes,8,2,None,Jan,Thu,2,Present
EMP104,2025-01-10,Yes,9,0,None,Jan,Fri,2,Present
EMP104,2025-01-11,No,0,0,Paid,Jan,Sat,2,Absent
EMP104,2025-01-12,Yes,8,0,None,Jan,Sun,3,Present
EMP104,2025-01-13,Yes,8,0,None,Jan,Mon,3,Present
EMP104,2025-01-14,Yes,10,1,None,Jan,Tue,3,Present
EMP104,2025-01-15,Yes,10,0,None,Jan,Wed,3,Present
EMP104,2025-01-16,Yes,10,0,None,Jan,Thu,3,Present
EMP104,2025-01-17,Yes,8,2,None,Jan,Fri,3,Present
EMP104,2025-01-18,Yes,9,2,None,Jan,Sat,3,Present
EMP104,2025-01-19,Yes,8,2,None,Jan,Sun,4,Present
EMP104,2025-01-20,Yes,9,2,None,Jan,Mon,4,Present
EMP104,2025-01-21,Yes,9,2,None,Jan,Tue,4,Present
EMP104,2025-01-22,Yes,8,2,None,Jan,Wed,4,Present
EMP104,2025-01-23,Yes,8,0,None,Jan,Thu,4,Present
EMP104,2025-01-24,No,0,0,Sick,Jan,Fri,4,Absent
EMP104,2025-01-25,Yes,8,0,None,Jan,Sat,4,Present
EMP104,2025-01-26,Yes,8,2,None,Jan,Sun,5,Present
EMP104,2025-01-27,Yes,8,2,None,Jan,Mon,5,Present
EMP104,2025-01-28,Yes,8,2,None,Jan,Tue,5,Present
EMP104,2025-01-29,Yes,9,2,None,Jan,Wed,5,Present
EMP104,2025-01-30,Yes,9,1,None,Jan,Thu,5,Present
EMP105,2025-01-01,Yes,9,2,None,Jan,Wed,1,Present
EMP105,2025-01-02,Yes,10,0,None,Jan,Thu,1,Present
EMP105,2025-01-03,Yes,8,2,None,Jan,Fri,1,Present
EMP105,2025-01-04,Yes,10,2,None,Jan,Sat,1,Present
EMP105,2025-01-05,Yes,10,1,None,Jan,Sun,2,Present
EMP105,2025-01-06,Yes,10,2,None,Jan,Mon,2,Present
EMP105,2025-01-07,Yes,9,0,None,Jan,Tue,2,Present
EMP105,2025-01-08,Yes,9,1,None,Jan,Wed,2,Present
EMP105,2025-01-09,No,0,0,Paid,Jan,Thu,2,Absent
EMP105,2025-01-10,Yes,9,0,None,Jan,Fri,2,Present
EMP105,2025-01-11,Yes,10,2,None,Jan,Sat,2,Present
EMP105,2025-01-12,Yes,9,2,None,Jan,Sun,3,Present
EMP105,2025-01-13,Yes,9,1,None,Jan,Mon,3,Present
EMP105,2025-01-14,Yes,8,1,None,Jan,Tue,3,Present
EMP105,2025-01-15,No,0,0,Casual,Jan,Wed,3,Absent
EMP105,2025-01-16,Yes,8,1,None,Jan,Thu,3,Present
EMP105,2025-01-17,Yes,8,0,None,Jan,Fri,3,Present
EMP105,2025-01-18,Yes,9,2,None,Jan,Sat,3,Present
EMP105,2025-01-19,Yes,9,0,None,Jan,Sun,4,Present
EMP105,2025-01-20,Yes,10,2,None,Jan,Mon,4,Present
EMP105,2025-01-21,Yes,10,1,None,Jan,Tue,4,Present
EMP105,2025-01-22,Yes,8,0,None,Jan,Wed,4,Present
EMP105,2025-01-23,Yes,9,0,None,Jan,Thu,4,Present
EMP105,2025-01-24,Yes,10,2,None,Jan,Fri,4,Present
EMP105,2025-01-25,Yes,10,2,None,Jan,Sat,4,Present
EMP105,2025-01-26,Yes,9,1,None,Jan,Sun,5,Present
EMP105,2025-01-27,Yes,9,0,None,Jan,Mon,5,Present
EMP105,2025-01-28,Yes,10,0,None,Jan,Tue,5,Present
EMP105,2025-01-29,Yes,8,1,None,Jan,Wed,5,Present
EMP105,2025-01-30,Yes,9,0,None,Jan,Thu,5,Present
EMP106,2025-01-01,Yes,10,1,None,Jan,Wed,1,Present
EMP106,2025-01-02,Yes,8,2,None,Jan,Thu,1,Present
EMP106,2025-01-03,Yes,10,1,None,Jan,Fri,1,Present
EMP106,2025-01-04,Yes,9,1,None,Jan,Sat,1,Present
EMP106,2025-01-05,Yes,9,1,None,Jan,Sun,2,Present
EMP106,2025-01-06,Yes,10,0,None,Jan,Mon,2,Present
EMP106,2025-01-07,Yes,8,1,None,Jan,Tue,2,Present
EMP106,2025-01-08,Yes,9,0,None,Jan,Wed,2,Present
EMP106,2025-01-09,Yes,8,2,None,Jan,Thu,2,Present
EMP106,2025-01-10,Yes,8,0,None,Jan,Fri,2,Present
EMP106,2025-01-11,Yes,8,2,None,Jan,Sat,2,Present
EMP106,2025-01-12,Yes,9,0,None,Jan,Sun,3,Present
EMP106,2025-01-13,Yes,9,2,None,Jan,Mon,3,Present
EMP106,2025-01-14,Yes,10,0,None,Jan,Tue,3,Present
EMP106,2025-01-15,Yes,10,2,None,Jan,Wed,3,Present
EMP106,2025-01-16,Yes,10,2,None,Jan,Thu,3,Present
EMP106,2025-01-17,Yes,8,2,None,Jan,Fri,3,Present
EMP106,2025-01-18,Yes,10,0,None,Jan,Sat,3,Present
EMP106,2025-01-19,Yes,10,2,None,Jan,Sun,4,Present
EMP106,2025-01-20,Yes,8,2,None,Jan,Mon,4,Present
EMP106,2025-01-21,Yes,10,2,None,Jan,Tue,4,Present
EMP106,2025-01-22,Yes,10,1,None,Jan,Wed,4,Present
EMP106,2025-01-23,Yes,10,2,None,Jan,Thu,4,Present
EMP106,2025-01-24,Yes,8,0,None,Jan,Fri,4,Present
EMP106,2025-01-25,Yes,8,2,None,Jan,Sat,4,Present
EMP106,2025-01-26,Yes,8,1,None,Jan,Sun,5,Present
EMP106,2025-01-27,Yes,8,1,None,Jan,Mon,5,Present
EMP106,2025-01-28,Yes,9,2,None,Jan,Tue,5,Present
EMP106,2025-01-29,Yes,10,0,None,Jan,Wed,5,Present
EMP106,2025-01-30,Yes,9,1,None,Jan,Thu,5,Present
EMP107,2025-01-01,Yes,8,2,None,Jan,Wed,1,Present
EMP107,2025-01-02,Yes,9,0,None,Jan,Thu,1,Present
EMP107,2025-01-03,Yes,10,2,None,Jan,Fri,1,Present
EMP107,2025-01-04,Yes,8,1,None,Jan,Sat,1,Present
EMP107,2025-01-05,Yes,9,0,None,Jan,Sun,2,Present
EMP107,2025-01-06,Yes,10,1,None,Jan,Mon,2,Present
EMP107,2025-01-07,Yes,9,0,None,Jan,Tue,2,Present
EMP107,2025-01-08,No,0,0,Paid,Jan,Wed,2,Absent
EMP107,2025-01-09,Yes,9,0,None,Jan,Thu,2,Present
EMP107,2025-01-10,Yes,9,0,None,Jan,Fri,2,Present
EMP107,2025-01-11,Yes,10,0,None,Jan,Sat,2,Present
EMP107,2025-01-12,Yes,9,0,None,Jan,Sun,3,Present
EMP107,2025-01-13,Yes,10,1,None,Jan,Mon,3,Present
EMP107,2025-01-14,Yes,9,1,None,Jan,Tue,3,Present
EMP107,2025-01-15,Yes,9,0,None,Jan,Wed,3,Present
EMP107,2025-01-16,Yes,9,0,None,Jan,Thu,3,Present
EMP107,2025-01-17,Yes,10,1,None,Jan,Fri,3,Present
EMP107,2025-01-18,Yes,9,2,None,Jan,Sat,3,Present
EMP107,2025-01-19,Yes,9,2,None,Jan,Sun,4,Present
EMP107,2025-01-20,Yes,8,1,None,Jan,Mon,4,Present
EMP107,2025-01-21,No,0,0,Casual,Jan,Tue,4,Absent
EMP107,2025-01-22,Yes,9,0,None,Jan,Wed,4,Present
EMP107,2025-01-23,Yes,8,1,None,Jan,Thu,4,Present
EMP107,2025-01-24,Yes,9,0,None,Jan,Fri,4,Present
EMP107,2025-01-25,Yes,10,1,None,Jan,Sat,4,Present
EMP107,2025-01-26,Yes,10,0,None,Jan,Sun,5,Present
EMP107,2025-01-27,Yes,9,2,None,Jan,Mon,5,Present
EMP107,2025-01-28,Yes,10,1,None,Jan,Tue,5,Present
EMP107,2025-01-29,Yes,8,0,None,Jan,Wed,5,Present
EMP107,2025-01-30,Yes,9,2,None,Jan,Thu,5,Present
EMP108,2025-01-01,No,0,0,Paid,Jan,Wed,1,Absent
EMP108,2025-01-02,Yes,10,1,None,Jan,Thu,1,Present
EMP108,2025-01-03,Yes,10,2,None,Jan,Fri,1,Present
EMP108,2025-01-04,No,0,0,Casual,Jan,Sat,1,Absent
EMP108,2025-01-05,Yes,9,0,None,Jan,Sun,2,Present
EMP108,2025-01-06,Yes,8,2,None,Jan,Mon,2,Present
EMP108,2025-01-07,Yes,10,0,None,Jan,Tue,2,Present
EMP108,2025-01-08,Yes,8,1,None,Jan,Wed,2,Present
EMP108,2025-01-09,Yes,8,2,None,Jan,Thu,2,Present
EMP108,2025-01-10,Yes,8,1,None,Jan,Fri,2,Present
EMP108,2025-01-11,Yes,8,2,None,Jan,Sat,2,Present
EMP108,2025-01-12,Yes,10,0,None,Jan,Sun,3,Present
EMP108,2025-01-13,Yes,10,2,None,Jan,Mon,3,Present
EMP108,2025-01-14,Yes,8,0,None,Jan,Tue,3,Present
EMP108,2025-01-15,Yes,8,1,None,Jan,Wed,3,Present
EMP108,2025-01-16,Yes,8,1,None,Jan,Thu,3,Present
EMP108,2025-01-17,No,0,0,Sick,Jan,Fri,3,Absent
EMP108,2025-01-18,Yes,8,1,None,Jan,Sat,3,Present
EMP108,2025-01-19,Yes,9,2,None,Jan,Sun,4,Present
EMP108,2025-01-20,Yes,8,0,None,Jan,Mon,4,Present
EMP108,2025-01-21,Yes,9,0,None,Jan,Tue,4,Present
EMP108,2025-01-22,Yes,10,0,None,Jan,Wed,4,Present
EMP108,2025-01-23,Yes,9,1,None,Jan,Thu,4,Present
EMP108,2025-01-24,Yes,9,2,None,Jan,Fri,4,Present
EMP108,2025-01-25,Yes,9,0,None,Jan,Sat,4,Present
EMP108,2025-01-26,Yes,8,0,None,Jan,Sun,5,Present
EMP108,2025-01-27,Yes,9,0,None,Jan,Mon,5,Present
EMP108,2025-01-28,Yes,9,2,None,Jan,Tue,5,Present
EMP108,2025-01-29,Yes,8,1,None,Jan,Wed,5,Present
EMP108,2025-01-30,Yes,9,1,None,Jan,Thu,5,Present
EMP109,2025-01-01,Yes,8,2,None,Jan,Wed,1,Present
EMP109,2025-01-02,No,0,0,Paid,Jan,Thu,1,Absent
EMP109,2025-01-03,Yes,8,1,None,Jan,Fri,1,Present
EMP109,2025-01-04,Yes,9,2,None,Jan,Sat,1,Present
EMP109,2025-01-05,Yes,10,2,None,Jan,Sun,2,Present
EMP109,2025-01-06,Yes,10,1,None,Jan,Mon,2,Present
EMP109,2025-01-07,Yes,9,0,None,Jan,Tue,2,Present
EMP109,2025-01-08,Yes,8,2,None,Jan,Wed,2,Present
EMP109,2025-01-09,Yes,8,0,None,Jan,Thu,2,Present
EMP109,2025-01-10,Yes,10,0,None,Jan,Fri,2,Present
EMP109,2025-01-11,Yes,9,0,None,Jan,Sat,2,Present
EMP109,2025-01-12,No,0,0,Paid,Jan,Sun,3,Absent
EMP109,2025-01-13,Yes,9,2,None,Jan,Mon,3,Present
EMP109,2025-01-14,Yes,8,2,None,Jan,Tue,3,Present
EMP109,2025-01-15,Yes,8,0,None,Jan,Wed,3,Present
EMP109,2025-01-16,Yes,10,2,None,Jan,Thu,3,Present
EMP109,2025-01-17,Yes,10,1,None,Jan,Fri,3,Present
EMP109,2025-01-18,Yes,9,2,None,Jan,Sat,3,Present
EMP109,2025-01-19,Yes,9,0,None,Jan,Sun,4,Present
EMP109,2025-01-20,Yes,10,2,None,Jan,Mon,4,Present
EMP109,2025-01-21,Yes,8,2,None,Jan,Tue,4,Present
EMP109,2025-01-22,Yes,8,1,None,Jan,Wed,4,Present
EMP109,2025-01-23,No,0,0,Paid,Jan,Thu,4,Absent
EMP109,2025-01-24,No,0,0,Paid,Jan,Fri,4,Absent
EMP109,2025-01-25,Yes,9,1,None,Jan,Sat,4,Present
EMP109,2025-01-26,Yes,10,0,None,Jan,Sun,5,Present
EMP109,2025-01-27,Yes,10,1,None,Jan,Mon,5,Present
EMP109,2025-01-28,Yes,9,1,None,Jan,Tue,5,Present
EMP109,2025-01-29,Yes,8,0,None,Jan,Wed,5,Present
EMP109,2025-01-30,No,0,0,Paid,Jan,Thu,5,Absent
EMP110,2025-01-01,Yes,10,0,None,Jan,Wed,1,Present
EMP110,2025-01-02,Yes,10,1,None,Jan,Thu,1,Present
EMP110,2025-01-03,Yes,10,2,None,Jan,Fri,1,Present
EMP110,2025-01-04,Yes,8,1,None,Jan,Sat,1,Present
EMP110,2025-01-05,Yes,10,0,None,Jan,Sun,2,Present
EMP110,2025-01-06,Yes,8,2,None,Jan,Mon,2,Present
EMP110,2025-01-07,Yes,8,2,None,Jan,Tue,2,Present
EMP110,2025-01-08,Yes,9,0,None,Jan,Wed,2,Present
EMP110,2025-01-09,Yes,8,2,None,Jan,Thu,2,Present
EMP110,2025-01-10,Yes,8,2,None,Jan,Fri,2,Present
EMP110,2025-01-11,Yes,10,1,None,Jan,Sat,2,Present
EMP110,2025-01-12,Yes,9,1,None,Jan,Sun,3,Present
EMP110,2025-01-13,Yes,10,2,None,Jan,Mon,3,Present
EMP110,2025-01-14,Yes,8,1,None,Jan,Tue,3,Present
EMP110,2025-01-15,Yes,9,1,None,Jan,Wed,3,Present
EMP110,2025-01-16,Yes,10,0,None,Jan,Thu,3,Present
EMP110,2025-01-17,Yes,8,2,None,Jan,Fri,3,Present
EMP110,2025-01-18,Yes,8,1,None,Jan,Sat,3,Present
EMP110,2025-01-19,Yes,10,2,None,Jan,Sun,4,Present
EMP110,2025-01-20,Yes,10,0,None,Jan,Mon,4,Present
EMP110,2025-01-21,Yes,10,1,None,Jan,Tue,4,Present
EMP110,2025-01-22,Yes,9,2,None,Jan,Wed,4,Present
EMP110,2025-01-23,Yes,10,0,None,Jan,Thu,4,Present
EMP110,2025-01-24,Yes,8,1,None,Jan,Fri,4,Present
EMP110,2025-01-25,Yes,10,2,None,Jan,Sat,4,Present
EMP110,2025-01-26,Yes,9,0,None,Jan,Sun,5,Present
EMP110,2025-01-27,Yes,10,2,None,Jan,Mon,5,Present
EMP110,2025-01-28,Yes,8,1,None,Jan,Tue,5,Present
EMP110,2025-01-29,Yes,8,1,None,Jan,Wed,5,Present
EMP110,2025-01-30,Yes,8,0,None,Jan,Thu,5,Present
EMP111,2025-01-01,Yes,10,0,None,Jan,Wed,1,Present
EMP111,2025-01-02,Yes,8,1,None,Jan,Thu,1,Present
EMP111,2025-01-03,Yes,8,1,None,Jan,Fri,1,Present
EMP111,2025-01-04,Yes,8,0,None,Jan,Sat,1,Present
EMP111,2025-01-05,Yes,9,0,None,Jan,Sun,2,Present
EMP111,2025-01-06,Yes,10,1,None,Jan,Mon,2,Present
EMP111,2025-01-07,Yes,10,0,None,Jan,Tue,2,Present
EMP111,2025-01-08,Yes,8,2,None,Jan,Wed,2,Present
EMP111,2025-01-09,Yes,9,0,None,Jan,Thu,2,Present
EMP111,2025-01-10,Yes,8,2,None,Jan,Fri,2,Present
EMP111,2025-01-11,Yes,8,0,None,Jan,Sat,2,Present
EMP111,2025-01-12,Yes,9,0,None,Jan,Sun,3,Present
EMP111,2025-01-13,Yes,10,0,None,Jan,Mon,3,Present
EMP111,2025-01-14,Yes,8,0,None,Jan,Tue,3,Present
EMP111,2025-01-15,Yes,9,2,None,Jan,Wed,3,Present
EMP111,2025-01-16,Yes,8,1,None,Jan,Thu,3,Present
EMP111,2025-01-17,Yes,9,0,None,Jan,Fri,3,Present
EMP111,2025-01-18,Yes,9,0,None,Jan,Sat,3,Present
EMP111,2025-01-19,Yes,10,2,None,Jan,Sun,4,Present
EMP111,2025-01-20,Yes,10,0,None,Jan,Mon,4,Present
EMP111,2025-01-21,No,0,0,Sick,Jan,Tue,4,Absent
EMP111,2025-01-22,Yes,9,0,None,Jan,Wed,4,Present
EMP111,2025-01-23,Yes,9,0,None,Jan,Thu,4,Present
EMP111,2025-01-24,No,0,0,Sick,Jan,Fri,4,Absent
EMP111,2025-01-25,No,0,0,Casual,Jan,Sat,4,Absent
EMP111,2025-01-26,Yes,9,2,None,Jan,Sun,5,Present
EMP111,2025-01-27,Yes,10,1,None,Jan,Mon,5,Present
EMP111,2025-01-28,Yes,10,0,None,Jan,Tue,5,Present
EMP111,2025-01-29,Yes,8,0,None,Jan,Wed,5,Present
EMP111,2025-01-30,Yes,9,1,None,Jan,Thu,5,Present
EMP112,2025-01-01,No,0,0,Casual,Jan,Wed,1,Absent
EMP112,2025-01-02,Yes,8,0,None,Jan,Thu,1,Present
EMP112,2025-01-03,Yes,8,1,None,Jan,Fri,1,Present
EMP112,2025-01-04,Yes,10,0,None,Jan,Sat,1,Present
EMP112,2025-01-05,Yes,8,2,None,Jan,Sun,2,Present
EMP112,2025-01-06,Yes,10,1,None,Jan,Mon,2,Present
EMP112,2025-01-07,Yes,8,1,None,Jan,Tue,2,Present
EMP112,2025-01-08,Yes,10,1,None,Jan,Wed,2,Present
EMP112,2025-01-09,Yes,10,0,None,Jan,Thu,2,Present
EMP112,2025-01-10,Yes,8,2,None,Jan,Fri,2,Present
EMP112,2025-01-11,Yes,8,1,None,Jan,Sat,2,Present
EMP112,2025-01-12,Yes,9,0,None,Jan,Sun,3,Present
EMP112,2025-01-13,Yes,9,2,None,Jan,Mon,3,Present
EMP112,2025-01-14,Yes,8,1,None,Jan,Tue,3,Present
EMP112,2025-01-15,Yes,8,1,None,Jan,Wed,3,Present
EMP112,2025-01-16,Yes,9,1,None,Jan,Thu,3,Present
EMP112,2025-01-17,Yes,9,2,None,Jan,Fri,3,Present
EMP112,2025-01-18,Yes,9,0,None,Jan,Sat,3,Present
EMP112,2025-01-19,Yes,10,0,None,Jan,Sun,4,Present
EMP112,2025-01-20,Yes,10,1,None,Jan,Mon,4,Present
EMP112,2025-01-21,Yes,9,2,None,Jan,Tue,4,Present
EMP112,2025-01-22,Yes,8,1,None,Jan,Wed,4,Present
EMP112,2025-01-23,Yes,10,1,None,Jan,Thu,4,Present
EMP112,2025-01-24,Yes,10,2,None,Jan,Fri,4,Present
EMP112,2025-01-25,Yes,8,0,None,Jan,Sat,4,Present
EMP112,2025-01-26,Yes,8,0,None,Jan,Sun,5,Present
EMP112,2025-01-27,Yes,9,0,None,Jan,Mon,5,Present
EMP112,2025-01-28,Yes,8,1,None,Jan,Tue,5,Present
EMP112,2025-01-29,Yes,8,1,None,Jan,Wed,5,Present
EMP112,2025-01-30,Yes,10,1,None,Jan,Thu,5,Present
EMP113,2025-01-01,Yes,8,0,None,Jan,Wed,1,Present
EMP113,2025-01-02,Yes,8,2,None,Jan,Thu,1,Present
EMP113,2025-01-03,Yes,9,2,None,Jan,Fri,1,Present
EMP113,2025-01-04,No,0,0,Casual,Jan,Sat,1,Absent
EMP113,2025-01-05,Yes,10,0,None,Jan,Sun,2,Present
EMP113,2025-01-06,Yes,8,1,None,Jan,Mon,2,Present
EMP113,2025-01-07,Yes,8,0,None,Jan,Tue,2,Present
EMP113,2025-01-08,Yes,8,0,None,Jan,Wed,2,Present
EMP113,2025-01-09,Yes,8,2,None,Jan,Thu,2,Present
EMP113,2025-01-10,Yes,9,0,None,Jan,Fri,2,Present
EMP113,2025-01-11,Yes,9,2,None,Jan,Sat,2,Present
EMP113,2025-01-12,Yes,10,2,None,Jan,Sun,3,Present
EMP113,2025-01-13,Yes,9,1,None,Jan,Mon,3,Present
EMP113,2025-01-14,Yes,9,2,None,Jan,Tue,3,Present
EMP113,2025-01-15,Yes,9,0,None,Jan,Wed,3,Present
EMP113,2025-01-16,Yes,10,0,None,Jan,Thu,3,Present
EMP113,2025-01-17,Yes,8,2,None,Jan,Fri,3,Present
EMP113,2025-01-18,Yes,9,1,None,Jan,Sat,3,Present
EMP113,2025-01-19,Yes,9,2,None,Jan,Sun,4,Present
EMP113,2025-01-20,Yes,9,2,None,Jan,Mon,4,Present
EMP113,2025-01-21,Yes,10,0,None,Jan,Tue,4,Present
EMP113,2025-01-22,Yes,8,1,None,Jan,Wed,4,Present
EMP113,2025-01-23,Yes,10,1,None,Jan,Thu,4,Present
EMP113,2025-01-24,Yes,8,2,None,Jan,Fri,4,Present
EMP113,2025-01-25,Yes,10,0,None,Jan,Sat,4,Present
EMP113,2025-01-26,Yes,8,2,None,Jan,Sun,5,Present
EMP113,2025-01-27,Yes,10,0,None,Jan,Mon,5,Present
EMP113,2025-01-28,Yes,9,1,None,Jan,Tue,5,Present
EMP113,2025-01-29,Yes,10,1,None,Jan,Wed,5,Present
EMP113,2025-01-30,Yes,8,0,None,Jan,Thu,5,Present
EMP114,2025-01-01,Yes,10,1,None,Jan,Wed,1,Present
EMP114,2025-01-02,Yes,8,0,None,Jan,Thu,1,Present
EMP114,2025-01-03,No,0,0,Paid,Jan,Fri,1,Absent
EMP114,2025-01-04,Yes,9,0,None,Jan,Sat,1,Present
EMP114,2025-01-05,Yes,8,2,None,Jan,Sun,2,Present
EMP114,2025-01-06,Yes,8,2,None,Jan,Mon,2,Present
EMP114,2025-01-07,No,0,0,Casual,Jan,Tue,2,Absent
EMP114,2025-01-08,Yes,8,2,None,Jan,Wed,2,Present
EMP114,2025-01-09,Yes,8,1,None,Jan,Thu,2,Present
EMP114,2025-01-10,Yes,10,2,None,Jan,Fri,2,Present
EMP114,2025-01-11,No,0,0,Casual,Jan,Sat,2,Absent
EMP114,2025-01-12,No,0,0,Casual,Jan,Sun,3,Absent
EMP114,2025-01-13,Yes,9,0,None,Jan,Mon,3,Present
EMP114,2025-01-14,Yes,9,1,None,Jan,Tue,3,Present
EMP114,2025-01-15,Yes,9,1,None,Jan,Wed,3,Present
EMP114,2025-01-16,Yes,8,2,None,Jan,Thu,3,Present
EMP114,2025-01-17,Yes,9,1,None,Jan,Fri,3,Present
EMP114,2025-01-18,Yes,10,0,None,Jan,Sat,3,Present
EMP114,2025-01-19,Yes,8,0,None,Jan,Sun,4,Present
EMP114,2025-01-20,Yes,9,1,None,Jan,Mon,4,Present
EMP114,2025-01-21,Yes,8,1,None,Jan,Tue,4,Present
EMP114,2025-01-22,Yes,10,1,None,Jan,Wed,4,Present
EMP114,2025-01-23,No,0,0,Paid,Jan,Thu,4,Absent
EMP114,2025-01-24,Yes,10,0,None,Jan,Fri,4,Present
EMP114,2025-01-25,Yes,10,2,None,Jan,Sat,4,Present
EMP114,2025-01-26,Yes,10,0,None,Jan,Sun,5,Present
EMP114,2025-01-27,Yes,10,2,None,Jan,Mon,5,Present
EMP114,2025-01-28,Yes,10,2,None,Jan,Tue,5,Present
EMP114,2025-01-29,Yes,9,1,None,Jan,Wed,5,Present
EMP114,2025-01-30,Yes,9,1,None,Jan,Thu,5,Present
EMP115,2025-01-01,Yes,9,0,None,Jan,Wed,1,Present
EMP115,2025-01-02,Yes,10,1,None,Jan,Thu,1,Present
EMP115,2025-01-03,Yes,10,2,None,Jan,Fri,1,Present
EMP115,2025-01-04,No,0,0,Sick,Jan,Sat,1,Absent
EMP115,2025-01-05,Yes,9,0,None,Jan,Sun,2,Present
EMP115,2025-01-06,Yes,8,1,None,Jan,Mon,2,Present
EMP115,2025-01-07,Yes,8,1,None,Jan,Tue,2,Present
EMP115,2025-01-08,Yes,9,0,None,Jan,Wed,2,Present
EMP115,2025-01-09,Yes,8,0,None,Jan,Thu,2,Present
EMP115,2025-01-10,Yes,9,1,None,Jan,Fri,2,Present
EMP115,2025-01-11,Yes,8,2,None,Jan,Sat,2,Present
EMP115,2025-01-12,Yes,9,1,None,Jan,Sun,3,Present
EMP115,2025-01-13,Yes,9,2,None,Jan,Mon,3,Present
EMP115,2025-01-14,Yes,8,2,None,Jan,Tue,3,Present
EMP115,2025-01-15,Yes,9,1,None,Jan,Wed,3,Present
EMP115,2025-01-16,Yes,10,2,None,Jan,Thu,3,Present
EMP115,2025-01-17,Yes,9,2,None,Jan,Fri,3,Present
EMP115,2025-01-18,Yes,9,1,None,Jan,Sat,3,Present
EMP115,2025-01-19,Yes,9,2,None,Jan,Sun,4,Present
EMP115,2025-01-20,Yes,10,0,None,Jan,Mon,4,Present
EMP115,2025-01-21,Yes,10,0,None,Jan,Tue,4,Present
EMP115,2025-01-22,Yes,8,2,None,Jan,Wed,4,Present
EMP115,2025-01-23,Yes,8,0,None,Jan,Thu,4,Present
EMP115,2025-01-24,Yes,9,1,None,Jan,Fri,4,Present
EMP115,2025-01-25,Yes,9,0,None,Jan,Sat,4,Present
EMP115,2025-01-26,Yes,9,2,None,Jan,Sun,5,Present
EMP115,2025-01-27,Yes,9,1,None,Jan,Mon,5,Present
EMP115,2025-01-28,Yes,9,0,None,Jan,Tue,5,Present
EMP115,2025-01-29,Yes,10,0,None,Jan,Wed,5,Present
EMP115,2025-01-30,Yes,9,1,None,Jan,Thu,5,Present
EMP116,2025-01-01,Yes,9,0,None,Jan,Wed,1,Present
EMP116,2025-01-02,Yes,10,1,None,Jan,Thu,1,Present
EMP116,2025-01-03,Yes,10,1,None,Jan,Fri,1,Present
EMP116,2025-01-04,Yes,9,0,None,Jan,Sat,1,Present
EMP116,2025-01-05,Yes,9,0,None,Jan,Sun,2,Present
EMP116,2025-01-06,Yes,9,2,None,Jan,Mon,2,Present
EMP116,2025-01-07,No,0,0,Paid,Jan,Tue,2,Absent
EMP116,2025-01-08,Yes,8,1,None,Jan,Wed,2,Present
EMP116,2025-01-09,Yes,9,0,None,Jan,Thu,2,Present
EMP116,2025-01-10,No,0,0,Sick,Jan,Fri,2,Absent
EMP116,2025-01-11,Yes,10,1,None,Jan,Sat,2,Present
EMP116,2025-01-12,Yes,10,0,None,Jan,Sun,3,Present
EMP116,2025-01-13,Yes,8,1,None,Jan,Mon,3,Present
EMP116,2025-01-14,Yes,9,2,None,Jan,Tue,3,Present
EMP116,2025-01-15,Yes,9,2,None,Jan,Wed,3,Present
EMP116,2025-01-16,Yes,9,0,None,Jan,Thu,3,Present
EMP116,2025-01-17,Yes,8,1,None,Jan,Fri,3,Present
EMP116,2025-01-18,Yes,9,0,None,Jan,Sat,3,Present
EMP116,2025-01-19,Yes,9,1,None,Jan,Sun,4,Present
EMP116,2025-01-20,Yes,10,0,None,Jan,Mon,4,Present
EMP116,2025-01-21,Yes,9,1,None,Jan,Tue,4,Present
EMP116,2025-01-22,Yes,10,1,None,Jan,Wed,4,Present
EMP116,2025-01-23,Yes,10,2,None,Jan,Thu,4,Present
EMP116,2025-01-24,Yes,10,2,None,Jan,Fri,4,Present
EMP116,2025-01-25,Yes,8,1,None,Jan,Sat,4,Present
EMP116,2025-01-26,Yes,10,2,None,Jan,Sun,5,Present
EMP116,2025-01-27,Yes,10,1,None,Jan,Mon,5,Present
EMP116,2025-01-28,No,0,0,Casual,Jan,Tue,5,Absent
EMP116,2025-01-29,Yes,9,1,None,Jan,Wed,5,Present
EMP116,2025-01-30,Yes,10,1,None,Jan,Thu,5,Present
EMP117,2025-01-01,Yes,10,0,None,Jan,Wed,1,Present
EMP117,2025-01-02,Yes,8,2,None,Jan,Thu,1,Present
EMP117,2025-01-03,Yes,10,0,None,Jan,Fri,1,Present
EMP117,2025-01-04,No,0,0,Paid,Jan,Sat,1,Absent
EMP117,2025-01-05,Yes,9,2,None,Jan,Sun,2,Present
EMP117,2025-01-06,Yes,8,2,None,Jan,Mon,2,Present
EMP117,2025-01-07,Yes,9,0,None,Jan,Tue,2,Present
EMP117,2025-01-08,Yes,10,2,None,Jan,Wed,2,Present
EMP117,2025-01-09,Yes,9,1,None,Jan,Thu,2,Present
EMP117,2025-01-10,No,0,0,Casual,Jan,Fri,2,Absent
EMP117,2025-01-11,Yes,8,2,None,Jan,Sat,2,Present
EMP117,2025-01-12,Yes,9,1,None,Jan,Sun,3,Present
EMP117,2025-01-13,Yes,9,2,None,Jan,Mon,3,Present
EMP117,2025-01-14,Yes,9,0,None,Jan,Tue,3,Present
EMP117,2025-01-15,Yes,9,1,None,Jan,Wed,3,Present
EMP117,2025-01-16,Yes,10,2,None,Jan,Thu,3,Present
EMP117,2025-01-17,Yes,9,1,None,Jan,Fri,3,Present
EMP117,2025-01-18,Yes,10,2,None,Jan,Sat,3,Present
EMP117,2025-01-19,Yes,10,1,None,Jan,Sun,4,Present
EMP117,2025-01-20,Yes,8,0,None,Jan,Mon,4,Present
EMP117,2025-01-21,Yes,8,0,None,Jan,Tue,4,Present
EMP117,2025-01-22,Yes,10,1,None,Jan,Wed,4,Present
EMP117,2025-01-23,Yes,10,2,None,Jan,Thu,4,Present
EMP117,2025-01-24,Yes,8,2,None,Jan,Fri,4,Present
EMP117,2025-01-25,Yes,10,0,None,Jan,Sat,4,Present
EMP117,2025-01-26,Yes,9,0,None,Jan,Sun,5,Present
EMP117,2025-01-27,Yes,9,2,None,Jan,Mon,5,Present
EMP117,2025-01-28,Yes,8,1,None,Jan,Tue,5,Present
EMP117,2025-01-29,Yes,9,1,None,Jan,Wed,5,Present
EMP117,2025-01-30,Yes,10,2,None,Jan,Thu,5,Present
EMP118,2025-01-01,Yes,9,0,None,Jan,Wed,1,Present
EMP118,2025-01-02,Yes,8,2,None,Jan,Thu,1,Present
EMP118,2025-01-03,Yes,10,1,None,Jan,Fri,1,Present
EMP118,2025-01-04,Yes,9,2,None,Jan,Sat,1,Present
EMP118,2025-01-05,Yes,9,0,None,Jan,Sun,2,Present
EMP118,2025-01-06,No,0,0,Sick,Jan,Mon,2,Absent
EMP118,2025-01-07,Yes,10,2,None,Jan,Tue,2,Present
EMP118,2025-01-08,Yes,9,0,None,Jan,Wed,2,Present
EMP118,2025-01-09,Yes,9,0,None,Jan,Thu,2,Present
EMP118,2025-01-10,Yes,9,0,None,Jan,Fri,2,Present
EMP118,2025-01-11,Yes,9,0,None,Jan,Sat,2,Present
EMP118,2025-01-12,Yes,10,1,None,Jan,Sun,3,Present
EMP118,2025-01-13,Yes,10,1,None,Jan,Mon,3,Present
EMP118,2025-01-14,Yes,8,1,None,Jan,Tue,3,Present
EMP118,2025-01-15,Yes,10,0,None,Jan,Wed,3,Present
EMP118,2025-01-16,Yes,8,2,None,Jan,Thu,3,Present
EMP118,2025-01-17,Yes,10,0,None,Jan,Fri,3,Present
EMP118,2025-01-18,Yes,9,2,None,Jan,Sat,3,Present
EMP118,2025-01-19,Yes,10,0,None,Jan,Sun,4,Present
EMP118,2025-01-20,Yes,8,0,None,Jan,Mon,4,Present
EMP118,2025-01-21,Yes,9,0,None,Jan,Tue,4,Present
EMP118,2025-01-22,Yes,10,0,None,Jan,Wed,4,Present
EMP118,2025-01-23,No,0,0,Paid,Jan,Thu,4,Absent
EMP118,2025-01-24,Yes,8,2,None,Jan,Fri,4,Present
EMP118,2025-01-25,Yes,10,2,None,Jan,Sat,4,Present
EMP118,2025-01-26,Yes,9,2,None,Jan,Sun,5,Present
EMP118,2025-01-27,Yes,9,0,None,Jan,Mon,5,Present
EMP118,2025-01-28,Yes,8,1,None,Jan,Tue,5,Present
EMP118,2025-01-29,Yes,8,2,None,Jan,Wed,5,Present
EMP118,2025-01-30,Yes,9,1,None,Jan,Thu,5,Present
EMP119,2025-01-01,Yes,9,0,None,Jan,Wed,1,Present
EMP119,2025-01-02,Yes,10,0,None,Jan,Thu,1,Present
EMP119,2025-01-03,Yes,10,0,None,Jan,Fri,1,Present
EMP119,2025-01-04,Yes,10,0,None,Jan,Sat,1,Present
EMP119,2025-01-05,Yes,9,1,None,Jan,Sun,2,Present
EMP119,2025-01-06,Yes,8,0,None,Jan,Mon,2,Present
EMP119,2025-01-07,Yes,9,0,None,Jan,Tue,2,Present
EMP119,2025-01-08,Yes,9,0,None,Jan,Wed,2,Present
EMP119,2025-01-09,Yes,9,2,None,Jan,Thu,2,Present
EMP119,2025-01-10,No,0,0,Paid,Jan,Fri,2,Absent
EMP119,2025-01-11,Yes,9,2,None,Jan,Sat,2,Present
EMP119,2025-01-12,Yes,8,0,None,Jan,Sun,3,Present
EMP119,2025-01-13,Yes,8,2,None,Jan,Mon,3,Present
EMP119,2025-01-14,Yes,10,0,None,Jan,Tue,3,Present
EMP119,2025-01-15,Yes,9,1,None,Jan,Wed,3,Present
EMP119,2025-01-16,Yes,10,2,None,Jan,Thu,3,Present
EMP119,2025-01-17,Yes,8,2,None,Jan,Fri,3,Present
EMP119,2025-01-18,Yes,8,0,None,Jan,Sat,3,Present
EMP119,2025-01-19,Yes,10,0,None,Jan,Sun,4,Present
EMP119,2025-01-20,Yes,8,0,None,Jan,Mon,4,Present
EMP119,2025-01-21,Yes,8,0,None,Jan,Tue,4,Present
EMP119,2025-01-22,No,0,0,Sick,Jan,Wed,4,Absent
EMP119,2025-01-23,Yes,10,2,None,Jan,Thu,4,Present
EMP119,2025-01-24,Yes,9,1,None,Jan,Fri,4,Present
EMP119,2025-01-25,Yes,8,1,None,Jan,Sat,4,Present
EMP119,2025-01-26,Yes,10,1,None,Jan,Sun,5,Present
EMP119,2025-01-27,Yes,9,1,None,Jan,Mon,5,Present
EMP119,2025-01-28,Yes,9,0,None,Jan,Tue,5,Present
EMP119,2025-01-29,Yes,8,2,None,Jan,Wed,5,Present
EMP119,2025-01-30,Yes,10,1,None,Jan,Thu,5,Present
EMP120,2025-01-01,Yes,8,2,None,Jan,Wed,1,Present
EMP120,2025-01-02,Yes,10,1,None,Jan,Thu,1,Present
EMP120,2025-01-03,Yes,8,2,None,Jan,Fri,1,Present
EMP120,2025-01-04,Yes,9,1,None,Jan,Sat,1,Present
EMP120,2025-01-05,Yes,9,1,None,Jan,Sun,2,Present
EMP120,2025-01-06,Yes,10,1,None,Jan,Mon,2,Present
EMP120,2025-01-07,Yes,10,1,None,Jan,Tue,2,Present
EMP120,2025-01-08,Yes,10,0,None,Jan,Wed,2,Present
EMP120,2025-01-09,Yes,8,2,None,Jan,Thu,2,Present
EMP120,2025-01-10,Yes,9,1,None,Jan,Fri,2,Present
EMP120,2025-01-11,Yes,10,2,None,Jan,Sat,2,Present
EMP120,2025-01-12,Yes,8,0,None,Jan,Sun,3,Present
EMP120,2025-01-13,Yes,9,1,None,Jan,Mon,3,Present
EMP120,2025-01-14,Yes,9,0,None,Jan,Tue,3,Present
EMP120,2025-01-15,No,0,0,Paid,Jan,Wed,3,Absent
EMP120,2025-01-16,Yes,8,1,None,Jan,Thu,3,Present
EMP120,2025-01-17,Yes,9,2,None,Jan,Fri,3,Present
EMP120,2025-01-18,No,0,0,Casual,Jan,Sat,3,Absent
EMP120,2025-01-19,Yes,10,1,None,Jan,Sun,4,Present
EMP120,2025-01-20,Yes,10,0,None,Jan,Mon,4,Present
EMP120,2025-01-21,Yes,10,0,None,Jan,Tue,4,Present
EMP120,2025-01-22,Yes,8,2,None,Jan,Wed,4,Present
EMP120,2025-01-23,Yes,10,2,None,Jan,Thu,4,Present
EMP120,2025-01-24,No,0,0,Paid,Jan,Fri,4,Absent
EMP120,2025-01-25,Yes,9,1,None,Jan,Sat,4,Present
EMP120,2025-01-26,Yes,8,0,None,Jan,Sun,5,Present
EMP120,2025-01-27,No,0,0,Casual,Jan,Mon,5,Absent
EMP120,2025-01-28,Yes,9,1,None,Jan,Tue,5,Present
EMP120,2025-01-29,Yes,9,0,None,Jan,Wed,5,Present
EMP120,2025-01-30,Yes,10,1,None,Jan,Thu,5,Present
EMP121,2025-01-01,Yes,8,1,None,Jan,Wed,1,Present
EMP121,2025-01-02,No,0,0,Paid,Jan,Thu,1,Absent
EMP121,2025-01-03,Yes,9,1,None,Jan,Fri,1,Present
EMP121,2025-01-04,Yes,9,0,None,Jan,Sat,1,Present
EMP121,2025-01-05,Yes,10,0,None,Jan,Sun,2,Present
EMP121,2025-01-06,Yes,8,0,None,Jan,Mon,2,Present
EMP121,2025-01-07,Yes,9,2,None,Jan,Tue,2,Present
EMP121,2025-01-08,Yes,9,1,None,Jan,Wed,2,Present
EMP121,2025-01-09,Yes,10,1,None,Jan,Thu,2,Present
EMP121,2025-01-10,Yes,8,1,None,Jan,Fri,2,Present
EMP121,2025-01-11,Yes,9,1,None,Jan,Sat,2,Present
EMP121,2025-01-12,Yes,8,1,None,Jan,Sun,3,Present
EMP121,2025-01-13,Yes,8,0,None,Jan,Mon,3,Present
EMP121,2025-01-14,Yes,8,0,None,Jan,Tue,3,Present
EMP121,2025-01-15,Yes,9,2,None,Jan,Wed,3,Present
EMP121,2025-01-16,Yes,8,0,None,Jan,Thu,3,Present
EMP121,2025-01-17,Yes,10,1,None,Jan,Fri,3,Present
EMP121,2025-01-18,Yes,10,0,None,Jan,Sat,3,Present
EMP121,2025-01-19,Yes,8,1,None,Jan,Sun,4,Present
EMP121,2025-01-20,Yes,8,0,None,Jan,Mon,4,Present
EMP121,2025-01-21,No,0,0,Casual,Jan,Tue,4,Absent
EMP121,2025-01-22,No,0,0,Casual,Jan,Wed,4,Absent
EMP121,2025-01-23,Yes,9,1,None,Jan,Thu,4,Present
EMP121,2025-01-24,Yes,8,2,None,Jan,Fri,4,Present
EMP121,2025-01-25,Yes,8,1,None,Jan,Sat,4,Present
EMP121,2025-01-26,Yes,10,1,None,Jan,Sun,5,Present
EMP121,2025-01-27,Yes,10,0,None,Jan,Mon,5,Present
EMP121,2025-01-28,Yes,8,2,None,Jan,Tue,5,Present
EMP121,2025-01-29,Yes,9,1,None,Jan,Wed,5,Present
EMP121,2025-01-30,Yes,10,1,None,Jan,Thu,5,Present
EMP122,2025-01-01,Yes,9,1,None,Jan,Wed,1,Present
EMP122,2025-01-02,Yes,9,2,None,Jan,Thu,1,Present
EMP122,2025-01-03,Yes,8,2,None,Jan,Fri,1,Present
EMP122,2025-01-04,Yes,8,2,None,Jan,Sat,1,Present
EMP122,2025-01-05,No,0,0,Casual,Jan,Sun,2,Absent
EMP122,2025-01-06,No,0,0,Sick,Jan,Mon,2,Absent
EMP122,2025-01-07,Yes,9,1,None,Jan,Tue,2,Present
EMP122,2025-01-08,Yes,8,1,None,Jan,Wed,2,Present
EMP122,2025-01-09,Yes,10,2,None,Jan,Thu,2,Present
EMP122,2025-01-10,Yes,9,1,None,Jan,Fri,2,Present
EMP122,2025-01-11,Yes,10,0,None,Jan,Sat,2,Present
EMP122,2025-01-12,Yes,8,0,None,Jan,Sun,3,Present
EMP122,2025-01-13,Yes,9,1,None,Jan,Mon,3,Present
EMP122,2025-01-14,Yes,10,2,None,Jan,Tue,3,Present
EMP122,2025-01-15,Yes,9,0,None,Jan,Wed,3,Present
EMP122,2025-01-16,No,0,0,Casual,Jan,Thu,3,Absent
EMP122,2025-01-17,Yes,9,2,None,Jan,Fri,3,Present
EMP122,2025-01-18,Yes,8,1,None,Jan,Sat,3,Present
EMP122,2025-01-19,Yes,10,0,None,Jan,Sun,4,Present
EMP122,2025-01-20,Yes,9,0,None,Jan,Mon,4,Present
EMP122,2025-01-21,Yes,9,2,None,Jan,Tue,4,Present
EMP122,2025-01-22,Yes,9,1,None,Jan,Wed,4,Present
EMP122,2025-01-23,Yes,10,0,None,Jan,Thu,4,Present
EMP122,2025-01-24,Yes,8,0,None,Jan,Fri,4,Present
EMP122,2025-01-25,Yes,9,2,None,Jan,Sat,4,Present
EMP122,2025-01-26,Yes,9,1,None,Jan,Sun,5,Present
EMP122,2025-01-27,Yes,8,2,None,Jan,Mon,5,Present
EMP122,2025-01-28,Yes,9,0,None,Jan,Tue,5,Present
EMP122,2025-01-29,Yes,9,0,None,Jan,Wed,5,Present
EMP122,2025-01-30,Yes,10,2,None,Jan,Thu,5,Present
EMP123,2025-01-01,Yes,9,0,None,Jan,Wed,1,Present
EMP123,2025-01-02,Yes,10,0,None,Jan,Thu,1,Present
EMP123,2025-01-03,Yes,8,0,None,Jan,Fri,1,Present
EMP123,2025-01-04,No,0,0,Sick,Jan,Sat,1,Absent
EMP123,2025-01-05,Yes,8,0,None,Jan,Sun,2,Present
EMP123,2025-01-06,Yes,9,0,None,Jan,Mon,2,Present
EMP123,2025-01-07,Yes,10,2,None,Jan,Tue,2,Present
EMP123,2025-01-08,Yes,9,0,None,Jan,Wed,2,Present
EMP123,2025-01-09,Yes,10,1,None,Jan,Thu,2,Present
EMP123,2025-01-10,Yes,8,0,None,Jan,Fri,2,Present
EMP123,2025-01-11,Yes,9,2,None,Jan,Sat,2,Present
EMP123,2025-01-12,Yes,10,0,None,Jan,Sun,3,Present
EMP123,2025-01-13,Yes,10,2,None,Jan,Mon,3,Present
EMP123,2025-01-14,Yes,10,1,None,Jan,Tue,3,Present
EMP123,2025-01-15,Yes,10,0,None,Jan,Wed,3,Present
EMP123,2025-01-16,Yes,10,0,None,Jan,Thu,3,Present
EMP123,2025-01-17,Yes,9,1,None,Jan,Fri,3,Present
EMP123,2025-01-18,Yes,8,2,None,Jan,Sat,3,Present
EMP123,2025-01-19,Yes,9,0,None,Jan,Sun,4,Present
EMP123,2025-01-20,Yes,9,0,None,Jan,Mon,4,Present
EMP123,2025-01-21,Yes,8,2,None,Jan,Tue,4,Present
EMP123,2025-01-22,Yes,9,2,None,Jan,Wed,4,Present
EMP123,2025-01-23,No,0,0,Sick,Jan,Thu,4,Absent
EMP123,2025-01-24,Yes,8,0,None,Jan,Fri,4,Present
EMP123,2025-01-25,Yes,9,0,None,Jan,Sat,4,Present
EMP123,2025-01-26,Yes,8,0,None,Jan,Sun,5,Present
EMP123,2025-01-27,Yes,8,1,None,Jan,Mon,5,Present
EMP123,2025-01-28,Yes,9,1,None,Jan,Tue,5,Present
EMP123,2025-01-29,Yes,9,2,None,Jan,Wed,5,Present
EMP123,2025-01-30,Yes,9,1,None,Jan,Thu,5,Present
EMP124,2025-01-01,Yes,8,1,None,Jan,Wed,1,Present
EMP124,2025-01-02,Yes,9,2,None,Jan,Thu,1,Present
EMP124,2025-01-03,Yes,10,1,None,Jan,Fri,1,Present
EMP124,2025-01-04,Yes,10,2,None,Jan,Sat,1,Present
EMP124,2025-01-05,Yes,8,0,None,Jan,Sun,2,Present
EMP124,2025-01-06,Yes,8,2,None,Jan,Mon,2,Present
EMP124,2025-01-07,Yes,9,1,None,Jan,Tue,2,Present
EMP124,2025-01-08,No,0,0,Paid,Jan,Wed,2,Absent
EMP124,2025-01-09,Yes,9,1,None,Jan,Thu,2,Present
EMP124,2025-01-10,Yes,8,0,None,Jan,Fri,2,Present
EMP124,2025-01-11,Yes,9,2,None,Jan,Sat,2,Present
EMP124,2025-01-12,Yes,9,2,None,Jan,Sun,3,Present
EMP124,2025-01-13,Yes,9,2,None,Jan,Mon,3,Present
EMP124,2025-01-14,Yes,10,1,None,Jan,Tue,3,Present
EMP124,2025-01-15,Yes,9,2,None,Jan,Wed,3,Present
EMP124,2025-01-16,Yes,9,1,None,Jan,Thu,3,Present
EMP124,2025-01-17,Yes,10,2,None,Jan,Fri,3,Present
EMP124,2025-01-18,Yes,10,0,None,Jan,Sat,3,Present
EMP124,2025-01-19,Yes,9,2,None,Jan,Sun,4,Present
EMP124,2025-01-20,Yes,9,1,None,Jan,Mon,4,Present
EMP124,2025-01-21,Yes,8,1,None,Jan,Tue,4,Present
EMP124,2025-01-22,Yes,8,1,None,Jan,Wed,4,Present
EMP124,2025-01-23,Yes,10,1,None,Jan,Thu,4,Present
EMP124,2025-01-24,Yes,10,0,None,Jan,Fri,4,Present
EMP124,2025-01-25,Yes,9,0,None,Jan,Sat,4,Present
EMP124,2025-01-26,Yes,8,1,None,Jan,Sun,5,Present
EMP124,2025-01-27,No,0,0,Casual,Jan,Mon,5,Absent
EMP124,2025-01-28,Yes,8,0,None,Jan,Tue,5,Present
EMP124,2025-01-29,Yes,8,1,None,Jan,Wed,5,Present
EMP124,2025-01-30,Yes,8,0,None,Jan,Thu,5,Present
EMP125,2025-01-01,Yes,9,1,None,Jan,Wed,1,Present
EMP125,2025-01-02,Yes,10,2,None,Jan,Thu,1,Present
EMP125,2025-01-03,Yes,10,0,None,Jan,Fri,1,Present
EMP125,2025-01-04,Yes,10,1,None,Jan,Sat,1,Present
EMP125,2025-01-05,Yes,10,0,None,Jan,Sun,2,Present
EMP125,2025-01-06,Yes,8,1,None,Jan,Mon,2,Present
EMP125,2025-01-07,Yes,9,1,None,Jan,Tue,2,Present
EMP125,2025-01-08,Yes,10,2,None,Jan,Wed,2,Present
EMP125,2025-01-09,Yes,9,0,None,Jan,Thu,2,Present
EMP125,2025-01-10,Yes,9,2,None,Jan,Fri,2,Present
EMP125,2025-01-11,Yes,10,1,None,Jan,Sat,2,Present
EMP125,2025-01-12,Yes,9,2,None,Jan,Sun,3,Present
EMP125,2025-01-13,Yes,8,1,None,Jan,Mon,3,Present
EMP125,2025-01-14,Yes,10,0,None,Jan,Tue,3,Present
EMP125,2025-01-15,Yes,8,1,None,Jan,Wed,3,Present
EMP125,2025-01-16,Yes,10,1,None,Jan,Thu,3,Present
EMP125,2025-01-17,Yes,9,1,None,Jan,Fri,3,Present
EMP125,2025-01-18,Yes,10,1,None,Jan,Sat,3,Present
EMP125,2025-01-19,Yes,10,2,None,Jan,Sun,4,Present
EMP125,2025-01-20,Yes,9,1,None,Jan,Mon,4,Present
EMP125,2025-01-21,Yes,9,1,None,Jan,Tue,4,Present
EMP125,2025-01-22,Yes,10,0,None,Jan,Wed,4,Present
EMP125,2025-01-23,Yes,9,0,None,Jan,Thu,4,Present
EMP125,2025-01-24,Yes,10,1,None,Jan,Fri,4,Present
EMP125,2025-01-25,Yes,10,2,None,Jan,Sat,4,Present
EMP125,2025-01-26,Yes,10,2,None,Jan,Sun,5,Present
EMP125,2025-01-27,Yes,9,0,None,Jan,Mon,5,Present
EMP125,2025-01-28,Yes,9,0,None,Jan,Tue,5,Present
EMP125,2025-01-29,Yes,8,1,None,Jan,Wed,5,Present
EMP125,2025-01-30,Yes,10,1,None,Jan,Thu,5,Present
EMP126,2025-01-01,Yes,8,0,None,Jan,Wed,1,Present
EMP126,2025-01-02,Yes,10,0,None,Jan,Thu,1,Present
EMP126,2025-01-03,Yes,8,1,None,Jan,Fri,1,Present
EMP126,2025-01-04,Yes,10,1,None,Jan,Sat,1,Present
EMP126,2025-01-05,Yes,8,2,None,Jan,Sun,2,Present
EMP126,2025-01-06,Yes,10,2,None,Jan,Mon,2,Present
EMP126,2025-01-07,Yes,10,0,None,Jan,Tue,2,Present
EMP126,2025-01-08,Yes,10,2,None,Jan,Wed,2,Present
EMP126,2025-01-09,Yes,8,0,None,Jan,Thu,2,Present
EMP126,2025-01-10,Yes,10,0,None,Jan,Fri,2,Present
EMP126,2025-01-11,Yes,9,2,None,Jan,Sat,2,Present
EMP126,2025-01-12,Yes,8,1,None,Jan,Sun,3,Present
EMP126,2025-01-13,Yes,8,0,None,Jan,Mon,3,Present
EMP126,2025-01-14,No,0,0,Sick,Jan,Tue,3,Absent
EMP126,2025-01-15,Yes,8,2,None,Jan,Wed,3,Present
EMP126,2025-01-16,Yes,8,0,None,Jan,Thu,3,Present
EMP126,2025-01-17,Yes,10,1,None,Jan,Fri,3,Present
EMP126,2025-01-18,Yes,8,1,None,Jan,Sat,3,Present
EMP126,2025-01-19,Yes,8,0,None,Jan,Sun,4,Present
EMP126,2025-01-20,Yes,10,1,None,Jan,Mon,4,Present
EMP126,2025-01-21,Yes,10,1,None,Jan,Tue,4,Present
EMP126,2025-01-22,Yes,10,0,None,Jan,Wed,4,Present
EMP126,2025-01-23,Yes,10,0,None,Jan,Thu,4,Present
EMP126,2025-01-24,Yes,10,2,None,Jan,Fri,4,Present
EMP126,2025-01-25,Yes,10,2,None,Jan,Sat,4,Present
EMP126,2025-01-26,Yes,8,1,None,Jan,Sun,5,Present
EMP126,2025-01-27,Yes,9,2,None,Jan,Mon,5,Present
EMP126,2025-01-28,Yes,10,1,None,Jan,Tue,5,Present
EMP126,2025-01-29,Yes,9,1,None,Jan,Wed,5,Present
EMP126,2025-01-30,Yes,8,1,None,Jan,Thu,5,Present
EMP127,2025-01-01,Yes,9,0,None,Jan,Wed,1,Present
EMP127,2025-01-02,No,0,0,Casual,Jan,Thu,1,Absent
EMP127,2025-01-03,Yes,9,0,None,Jan,Fri,1,Present
EMP127,2025-01-04,Yes,8,2,None,Jan,Sat,1,Present
EMP127,2025-01-05,Yes,10,2,None,Jan,Sun,2,Present
EMP127,2025-01-06,Yes,9,0,None,Jan,Mon,2,Present
EMP127,2025-01-07,Yes,10,1,None,Jan,Tue,2,Present
EMP127,2025-01-08,Yes,8,1,None,Jan,Wed,2,Present
EMP127,2025-01-09,Yes,10,0,None,Jan,Thu,2,Present
EMP127,2025-01-10,Yes,10,2,None,Jan,Fri,2,Present
EMP127,2025-01-11,Yes,8,0,None,Jan,Sat,2,Present
EMP127,2025-01-12,Yes,9,2,None,Jan,Sun,3,Present
EMP127,2025-01-13,Yes,9,1,None,Jan,Mon,3,Present
EMP127,2025-01-14,Yes,8,1,None,Jan,Tue,3,Present
EMP127,2025-01-15,Yes,10,1,None,Jan,Wed,3,Present
EMP127,2025-01-16,Yes,8,2,None,Jan,Thu,3,Present
EMP127,2025-01-17,Yes,9,2,None,Jan,Fri,3,Present
EMP127,2025-01-18,Yes,10,2,None,Jan,Sat,3,Present
EMP127,2025-01-19,Yes,10,2,None,Jan,Sun,4,Present
EMP127,2025-01-20,Yes,10,1,None,Jan,Mon,4,Present
EMP127,2025-01-21,Yes,10,1,None,Jan,Tue,4,Present
EMP127,2025-01-22,Yes,9,0,None,Jan,Wed,4,Present
EMP127,2025-01-23,No,0,0,Paid,Jan,Thu,4,Absent
EMP127,2025-01-24,Yes,8,2,None,Jan,Fri,4,Present
EMP127,2025-01-25,Yes,10,1,None,Jan,Sat,4,Present
EMP127,2025-01-26,Yes,8,2,None,Jan,Sun,5,Present
EMP127,2025-01-27,Yes,8,0,None,Jan,Mon,5,Present
EMP127,2025-01-28,Yes,9,1,None,Jan,Tue,5,Present
EMP127,2025-01-29,Yes,8,2,None,Jan,Wed,5,Present
EMP127,2025-01-30,Yes,8,2,None,Jan,Thu,5,Present
EMP128,2025-01-01,No,0,0,Casual,Jan,Wed,1,Absent
EMP128,2025-01-02,Yes,8,0,None,Jan,Thu,1,Present
EMP128,2025-01-03,Yes,10,1,None,Jan,Fri,1,Present
EMP128,2025-01-04,Yes,10,2,None,Jan,Sat,1,Present
EMP128,2025-01-05,Yes,8,1,None,Jan,Sun,2,Present
EMP128,2025-01-06,Yes,10,1,None,Jan,Mon,2,Present
EMP128,2025-01-07,Yes,10,0,None,Jan,Tue,2,Present
EMP128,2025-01-08,Yes,10,0,None,Jan,Wed,2,Present
EMP128,2025-01-09,Yes,8,2,None,Jan,Thu,2,Present
EMP128,2025-01-10,Yes,8,0,None,Jan,Fri,2,Present
EMP128,2025-01-11,No,0,0,Sick,Jan,Sat,2,Absent
EMP128,2025-01-12,Yes,9,1,None,Jan,Sun,3,Present
EMP128,2025-01-13,Yes,8,1,None,Jan,Mon,3,Present
EMP128,2025-01-14,Yes,10,2,None,Jan,Tue,3,Present
EMP128,2025-01-15,Yes,9,0,None,Jan,Wed,3,Present
EMP128,2025-01-16,Yes,10,1,None,Jan,Thu,3,Present
EMP128,2025-01-17,Yes,9,2,None,Jan,Fri,3,Present
EMP128,2025-01-18,Yes,8,0,None,Jan,Sat,3,Present
EMP128,2025-01-19,Yes,10,1,None,Jan,Sun,4,Present
EMP128,2025-01-20,Yes,10,0,None,Jan,Mon,4,Present
EMP128,2025-01-21,Yes,10,1,None,Jan,Tue,4,Present
EMP128,2025-01-22,Yes,9,0,None,Jan,Wed,4,Present
EMP128,2025-01-23,No,0,0,Paid,Jan,Thu,4,Absent
EMP128,2025-01-24,Yes,8,1,None,Jan,Fri,4,Present
EMP128,2025-01-25,Yes,9,1,None,Jan,Sat,4,Present
EMP128,2025-01-26,Yes,8,0,None,Jan,Sun,5,Present
EMP128,2025-01-27,Yes,8,2,None,Jan,Mon,5,Present
EMP128,2025-01-28,Yes,10,2,None,Jan,Tue,5,Present
EMP128,2025-01-29,Yes,9,2,None,Jan,Wed,5,Present
EMP128,2025-01-30,No,0,0,Paid,Jan,Thu,5,Absent
EMP129,2025-01-01,Yes,10,1,None,Jan,Wed,1,Present
EMP129,2025-01-02,Yes,9,2,None,Jan,Thu,1,Present
EMP129,2025-01-03,No,0,0,Casual,Jan,Fri,1,Absent
EMP129,2025-01-04,Yes,8,1,None,Jan,Sat,1,Present
EMP129,2025-01-05,Yes,8,0,None,Jan,Sun,2,Present
EMP129,2025-01-06,Yes,10,1,None,Jan,Mon,2,Present
EMP129,2025-01-07,Yes,10,0,None,Jan,Tue,2,Present
EMP129,2025-01-08,Yes,8,2,None,Jan,Wed,2,Present
EMP129,2025-01-09,Yes,10,0,None,Jan,Thu,2,Present
EMP129,2025-01-10,Yes,8,1,None,Jan,Fri,2,Present
EMP129,2025-01-11,Yes,10,0,None,Jan,Sat,2,Present
EMP129,2025-01-12,Yes,9,0,None,Jan,Sun,3,Present
EMP129,2025-01-13,Yes,8,0,None,Jan,Mon,3,Present
EMP129,2025-01-14,No,0,0,Paid,Jan,Tue,3,Absent
EMP129,2025-01-15,Yes,9,1,None,Jan,Wed,3,Present
EMP129,2025-01-16,Yes,8,0,None,Jan,Thu,3,Present
EMP129,2025-01-17,Yes,8,0,None,Jan,Fri,3,Present
EMP129,2025-01-18,Yes,9,2,None,Jan,Sat,3,Present
EMP129,2025-01-19,Yes,8,2,None,Jan,Sun,4,Present
EMP129,2025-01-20,Yes,9,1,None,Jan,Mon,4,Present
EMP129,2025-01-21,Yes,9,2,None,Jan,Tue,4,Present
EMP129,2025-01-22,Yes,8,0,None,Jan,Wed,4,Present
EMP129,2025-01-23,Yes,10,1,None,Jan,Thu,4,Present
EMP129,2025-01-24,Yes,9,1,None,Jan,Fri,4,Present
EMP129,2025-01-25,Yes,8,0,None,Jan,Sat,4,Present
EMP129,2025-01-26,Yes,8,0,None,Jan,Sun,5,Present
EMP129,2025-01-27,Yes,10,2,None,Jan,Mon,5,Present
EMP129,2025-01-28,No,0,0,Sick,Jan,Tue,5,Absent
EMP129,2025-01-29,Yes,8,0,None,Jan,Wed,5,Present
EMP129,2025-01-30,No,0,0,Sick,Jan,Thu,5,Absent
EMP130,2025-01-01,Yes,9,0,None,Jan,Wed,1,Present
EMP130,2025-01-02,Yes,10,2,None,Jan,Thu,1,Present
EMP130,2025-01-03,Yes,9,0,None,Jan,Fri,1,Present
EMP130,2025-01-04,Yes,9,2,None,Jan,Sat,1,Present
EMP130,2025-01-05,Yes,8,0,None,Jan,Sun,2,Present
EMP130,2025-01-06,Yes,10,0,None,Jan,Mon,2,Present
EMP130,2025-01-07,Yes,10,1,None,Jan,Tue,2,Present
EMP130,2025-01-08,Yes,8,1,None,Jan,Wed,2,Present
EMP130,2025-01-09,Yes,9,2,None,Jan,Thu,2,Present
EMP130,2025-01-10,Yes,10,0,None,Jan,Fri,2,Present
EMP130,2025-01-11,Yes,9,1,None,Jan,Sat,2,Present
EMP130,2025-01-12,Yes,10,0,None,Jan,Sun,3,Present
EMP130,2025-01-13,No,0,0,Casual,Jan,Mon,3,Absent
EMP130,2025-01-14,Yes,10,1,None,Jan,Tue,3,Present
EMP130,2025-01-15,Yes,8,0,None,Jan,Wed,3,Present
EMP130,2025-01-16,Yes,10,0,None,Jan,Thu,3,Present
EMP130,2025-01-17,Yes,10,0,None,Jan,Fri,3,Present
EMP130,2025-01-18,Yes,10,0,None,Jan,Sat,3,Present
EMP130,2025-01-19,No,0,0,Sick,Jan,Sun,4,Absent
EMP130,2025-01-20,Yes,10,1,None,Jan,Mon,4,Present
EMP130,2025-01-21,Yes,8,1,None,Jan,Tue,4,Present
EMP130,2025-01-22,Yes,9,1,None,Jan,Wed,4,Present
EMP130,2025-01-23,Yes,9,0,None,Jan,Thu,4,Present
EMP130,2025-01-24,No,0,0,Paid,Jan,Fri,4,Absent
EMP130,2025-01-25,Yes,8,1,None,Jan,Sat,4,Present
EMP130,2025-01-26,Yes,8,0,None,Jan,Sun,5,Present
EMP130,2025-01-27,Yes,8,2,None,Jan,Mon,5,Present
EMP130,2025-01-28,Yes,8,2,None,Jan,Tue,5,Present
EMP130,2025-01-29,Yes,10,1,None,Jan,Wed,5,Present
EMP130,2025-01-30,Yes,10,1,None,Jan,Thu,5,Present
EMP131,2025-01-01,Yes,9,2,None,Jan,Wed,1,Present
EMP131,2025-01-02,Yes,8,1,None,Jan,Thu,1,Present
EMP131,2025-01-03,Yes,10,1,None,Jan,Fri,1,Present
EMP131,2025-01-04,Yes,10,2,None,Jan,Sat,1,Present
EMP131,2025-01-05,Yes,8,2,None,Jan,Sun,2,Present
EMP131,2025-01-06,Yes,10,2,None,Jan,Mon,2,Present
EMP131,2025-01-07,Yes,10,1,None,Jan,Tue,2,Present
EMP131,2025-01-08,Yes,10,2,None,Jan,Wed,2,Present
EMP131,2025-01-09,Yes,9,0,None,Jan,Thu,2,Present
EMP131,2025-01-10,Yes,9,2,None,Jan,Fri,2,Present
EMP131,2025-01-11,Yes,8,0,None,Jan,Sat,2,Present
EMP131,2025-01-12,Yes,9,2,None,Jan,Sun,3,Present
EMP131,2025-01-13,Yes,8,0,None,Jan,Mon,3,Present
EMP131,2025-01-14,Yes,9,1,None,Jan,Tue,3,Present
EMP131,2025-01-15,Yes,8,2,None,Jan,Wed,3,Present
EMP131,2025-01-16,Yes,9,2,None,Jan,Thu,3,Present
EMP131,2025-01-17,Yes,10,2,None,Jan,Fri,3,Present
EMP131,2025-01-18,No,0,0,Casual,Jan,Sat,3,Absent
EMP131,2025-01-19,Yes,9,1,None,Jan,Sun,4,Present
EMP131,2025-01-20,Yes,9,1,None,Jan,Mon,4,Present
EMP131,2025-01-21,No,0,0,Sick,Jan,Tue,4,Absent
EMP131,2025-01-22,Yes,9,1,None,Jan,Wed,4,Present
EMP131,2025-01-23,Yes,10,0,None,Jan,Thu,4,Present
EMP131,2025-01-24,Yes,10,0,None,Jan,Fri,4,Present
EMP131,2025-01-25,Yes,10,2,None,Jan,Sat,4,Present
EMP131,2025-01-26,Yes,8,1,None,Jan,Sun,5,Present
EMP131,2025-01-27,Yes,9,1,None,Jan,Mon,5,Present
EMP131,2025-01-28,Yes,8,0,None,Jan,Tue,5,Present
EMP131,2025-01-29,Yes,8,2,None,Jan,Wed,5,Present
EMP131,2025-01-30,Yes,8,0,None,Jan,Thu,5,Present
EMP132,2025-01-01,Yes,8,2,None,Jan,Wed,1,Present
EMP132,2025-01-02,Yes,9,2,None,Jan,Thu,1,Present
EMP132,2025-01-03,Yes,10,2,None,Jan,Fri,1,Present
EMP132,2025-01-04,Yes,10,1,None,Jan,Sat,1,Present
EMP132,2025-01-05,Yes,8,2,None,Jan,Sun,2,Present
EMP132,2025-01-06,Yes,9,2,None,Jan,Mon,2,Present
EMP132,2025-01-07,Yes,10,0,None,Jan,Tue,2,Present
EMP132,2025-01-08,Yes,8,2,None,Jan,Wed,2,Present
EMP132,2025-01-09,Yes,10,0,None,Jan,Thu,2,Present
EMP132,2025-01-10,Yes,9,2,None,Jan,Fri,2,Present
EMP132,2025-01-11,Yes,10,1,None,Jan,Sat,2,Present
EMP132,2025-01-12,No,0,0,Casual,Jan,Sun,3,Absent
EMP132,2025-01-13,Yes,8,0,None,Jan,Mon,3,Present
EMP132,2025-01-14,Yes,9,1,None,Jan,Tue,3,Present
EMP132,2025-01-15,Yes,10,1,None,Jan,Wed,3,Present
EMP132,2025-01-16,Yes,9,2,None,Jan,Thu,3,Present
EMP132,2025-01-17,No,0,0,Casual,Jan,Fri,3,Absent
EMP132,2025-01-18,No,0,0,Sick,Jan,Sat,3,Absent
EMP132,2025-01-19,Yes,8,0,None,Jan,Sun,4,Present
EMP132,2025-01-20,Yes,9,2,None,Jan,Mon,4,Present
EMP132,2025-01-21,Yes,10,2,None,Jan,Tue,4,Present
EMP132,2025-01-22,Yes,10,1,None,Jan,Wed,4,Present
EMP132,2025-01-23,Yes,9,2,None,Jan,Thu,4,Present
EMP132,2025-01-24,No,0,0,Paid,Jan,Fri,4,Absent
EMP132,2025-01-25,Yes,10,0,None,Jan,Sat,4,Present
EMP132,2025-01-26,Yes,8,2,None,Jan,Sun,5,Present
EMP132,2025-01-27,Yes,10,2,None,Jan,Mon,5,Present
EMP132,2025-01-28,Yes,9,2,None,Jan,Tue,5,Present
EMP132,2025-01-29,Yes,10,0,None,Jan,Wed,5,Present
EMP132,2025-01-30,Yes,10,2,None,Jan,Thu,5,Present
EMP133,2025-01-01,Yes,9,1,None,Jan,Wed,1,Present
EMP133,2025-01-02,Yes,10,1,None,Jan,Thu,1,Present
EMP133,2025-01-03,Yes,9,0,None,Jan,Fri,1,Present
EMP133,2025-01-04,Yes,9,0,None,Jan,Sat,1,Present
EMP133,2025-01-05,Yes,10,0,None,Jan,Sun,2,Present
EMP133,2025-01-06,Yes,9,2,None,Jan,Mon,2,Present
EMP133,2025-01-07,Yes,9,1,None,Jan,Tue,2,Present
EMP133,2025-01-08,No,0,0,Paid,Jan,Wed,2,Absent
EMP133,2025-01-09,Yes,9,2,None,Jan,Thu,2,Present
EMP133,2025-01-10,Yes,8,1,None,Jan,Fri,2,Present
EMP133,2025-01-11,Yes,8,2,None,Jan,Sat,2,Present
EMP133,2025-01-12,Yes,8,2,None,Jan,Sun,3,Present
EMP133,2025-01-13,Yes,9,2,None,Jan,Mon,3,Present
EMP133,2025-01-14,Yes,8,2,None,Jan,Tue,3,Present
EMP133,2025-01-15,Yes,9,1,None,Jan,Wed,3,Present
EMP133,2025-01-16,Yes,8,1,None,Jan,Thu,3,Present
EMP133,2025-01-17,Yes,8,2,None,Jan,Fri,3,Present
EMP133,2025-01-18,Yes,8,0,None,Jan,Sat,3,Present
EMP133,2025-01-19,Yes,8,0,None,Jan,Sun,4,Present
EMP133,2025-01-20,Yes,9,2,None,Jan,Mon,4,Present
EMP133,2025-01-21,Yes,9,2,None,Jan,Tue,4,Present
EMP133,2025-01-22,Yes,8,1,None,Jan,Wed,4,Present
EMP133,2025-01-23,No,0,0,Sick,Jan,Thu,4,Absent
EMP133,2025-01-24,Yes,8,2,None,Jan,Fri,4,Present
EMP133,2025-01-25,Yes,9,1,None,Jan,Sat,4,Present
EMP133,2025-01-26,Yes,9,2,None,Jan,Sun,5,Present
EMP133,2025-01-27,Yes,10,1,None,Jan,Mon,5,Present
EMP133,2025-01-28,Yes,9,2,None,Jan,Tue,5,Present
EMP133,2025-01-29,Yes,8,2,None,Jan,Wed,5,Present
EMP133,2025-01-30,No,0,0,Paid,Jan,Thu,5,Absent
EMP134,2025-01-01,Yes,9,1,None,Jan,Wed,1,Present
EMP134,2025-01-02,Yes,10,1,None,Jan,Thu,1,Present
EMP134,2025-01-03,Yes,9,2,None,Jan,Fri,1,Present
EMP134,2025-01-04,Yes,8,2,None,Jan,Sat,1,Present
EMP134,2025-01-05,Yes,10,0,None,Jan,Sun,2,Present
EMP134,2025-01-06,Yes,8,2,None,Jan,Mon,2,Present
EMP134,2025-01-07,Yes,10,2,None,Jan,Tue,2,Present
EMP134,2025-01-08,Yes,9,1,None,Jan,Wed,2,Present
EMP134,2025-01-09,Yes,10,2,None,Jan,Thu,2,Present
EMP134,2025-01-10,Yes,8,0,None,Jan,Fri,2,Present
EMP134,2025-01-11,Yes,9,0,None,Jan,Sat,2,Present
EMP134,2025-01-12,Yes,10,2,None,Jan,Sun,3,Present
EMP134,2025-01-13,Yes,9,1,None,Jan,Mon,3,Present
EMP134,2025-01-14,Yes,9,0,None,Jan,Tue,3,Present
EMP134,2025-01-15,Yes,8,2,None,Jan,Wed,3,Present
EMP134,2025-01-16,Yes,10,0,None,Jan,Thu,3,Present
EMP134,2025-01-17,Yes,9,2,None,Jan,Fri,3,Present
EMP134,2025-01-18,Yes,9,0,None,Jan,Sat,3,Present
EMP134,2025-01-19,Yes,8,0,None,Jan,Sun,4,Present
EMP134,2025-01-20,Yes,9,1,None,Jan,Mon,4,Present
EMP134,2025-01-21,Yes,8,1,None,Jan,Tue,4,Present
EMP134,2025-01-22,Yes,9,2,None,Jan,Wed,4,Present
EMP134,2025-01-23,Yes,8,2,None,Jan,Thu,4,Present
EMP134,2025-01-24,Yes,8,0,None,Jan,Fri,4,Present
EMP134,2025-01-25,Yes,10,0,None,Jan,Sat,4,Present
EMP134,2025-01-26,No,0,0,Sick,Jan,Sun,5,Absent
EMP134,2025-01-27,Yes,10,2,None,Jan,Mon,5,Present
EMP134,2025-01-28,Yes,8,1,None,Jan,Tue,5,Present
EMP134,2025-01-29,Yes,8,1,None,Jan,Wed,5,Present
EMP134,2025-01-30,Yes,10,1,None,Jan,Thu,5,Present
EMP135,2025-01-01,Yes,10,0,None,Jan,Wed,1,Present
EMP135,2025-01-02,Yes,9,0,None,Jan,Thu,1,Present
EMP135,2025-01-03,Yes,8,1,None,Jan,Fri,1,Present
EMP135,2025-01-04,Yes,9,1,None,Jan,Sat,1,Present
EMP135,2025-01-05,Yes,8,1,None,Jan,Sun,2,Present
EMP135,2025-01-06,Yes,8,1,None,Jan,Mon,2,Present
EMP135,2025-01-07,Yes,10,0,None,Jan,Tue,2,Present
EMP135,2025-01-08,Yes,9,0,None,Jan,Wed,2,Present
EMP135,2025-01-09,Yes,9,1,None,Jan,Thu,2,Present
EMP135,2025-01-10,Yes,10,2,None,Jan,Fri,2,Present
EMP135,2025-01-11,Yes,10,2,None,Jan,Sat,2,Present
EMP135,2025-01-12,Yes,8,1,None,Jan,Sun,3,Present
EMP135,2025-01-13,Yes,10,2,None,Jan,Mon,3,Present
EMP135,2025-01-14,Yes,10,2,None,Jan,Tue,3,Present
EMP135,2025-01-15,Yes,10,0,None,Jan,Wed,3,Present
EMP135,2025-01-16,Yes,10,0,None,Jan,Thu,3,Present
EMP135,2025-01-17,Yes,10,1,None,Jan,Fri,3,Present
EMP135,2025-01-18,Yes,8,2,None,Jan,Sat,3,Present
EMP135,2025-01-19,Yes,9,0,None,Jan,Sun,4,Present
EMP135,2025-01-20,Yes,8,2,None,Jan,Mon,4,Present
EMP135,2025-01-21,Yes,8,0,None,Jan,Tue,4,Present
EMP135,2025-01-22,Yes,8,2,None,Jan,Wed,4,Present
EMP135,2025-01-23,Yes,10,0,None,Jan,Thu,4,Present
EMP135,2025-01-24,No,0,0,Sick,Jan,Fri,4,Absent
EMP135,2025-01-25,Yes,10,0,None,Jan,Sat,4,Present
EMP135,2025-01-26,Yes,8,1,None,Jan,Sun,5,Present
EMP135,2025-01-27,Yes,10,1,None,Jan,Mon,5,Present
EMP135,2025-01-28,Yes,8,2,None,Jan,Tue,5,Present
EMP135,2025-01-29,Yes,10,2,None,Jan,Wed,5,Present
EMP135,2025-01-30,Yes,9,0,None,Jan,Thu,5,Present
EMP136,2025-01-01,Yes,10,1,None,Jan,Wed,1,Present
EMP136,2025-01-02,Yes,10,1,None,Jan,Thu,1,Present
EMP136,2025-01-03,Yes,10,1,None,Jan,Fri,1,Present
EMP136,2025-01-04,Yes,8,0,None,Jan,Sat,1,Present
EMP136,2025-01-05,Yes,9,1,None,Jan,Sun,2,Present
EMP136,2025-01-06,Yes,9,0,None,Jan,Mon,2,Present
EMP136,2025-01-07,Yes,8,0,None,Jan,Tue,2,Present
EMP136,2025-01-08,Yes,9,2,None,Jan,Wed,2,Present
EMP136,2025-01-09,Yes,10,1,None,Jan,Thu,2,Present
EMP136,2025-01-10,Yes,9,1,None,Jan,Fri,2,Present
EMP136,2025-01-11,Yes,10,0,None,Jan,Sat,2,Present
EMP136,2025-01-12,No,0,0,Casual,Jan,Sun,3,Absent
EMP136,2025-01-13,Yes,9,0,None,Jan,Mon,3,Present
EMP136,2025-01-14,Yes,9,1,None,Jan,Tue,3,Present
EMP136,2025-01-15,Yes,9,1,None,Jan,Wed,3,Present
EMP136,2025-01-16,Yes,9,1,None,Jan,Thu,3,Present
EMP136,2025-01-17,Yes,8,1,None,Jan,Fri,3,Present
EMP136,2025-01-18,Yes,8,1,None,Jan,Sat,3,Present
EMP136,2025-01-19,Yes,8,1,None,Jan,Sun,4,Present
EMP136,2025-01-20,Yes,8,2,None,Jan,Mon,4,Present
EMP136,2025-01-21,Yes,10,0,None,Jan,Tue,4,Present
EMP136,2025-01-22,Yes,8,2,None,Jan,Wed,4,Present
EMP136,2025-01-23,Yes,8,2,None,Jan,Thu,4,Present
EMP136,2025-01-24,Yes,10,0,None,Jan,Fri,4,Present
EMP136,2025-01-25,Yes,8,2,None,Jan,Sat,4,Present
EMP136,2025-01-26,Yes,9,2,None,Jan,Sun,5,Present
EMP136,2025-01-27,No,0,0,Sick,Jan,Mon,5,Absent
EMP136,2025-01-28,Yes,9,2,None,Jan,Tue,5,Present
EMP136,2025-01-29,Yes,8,2,None,Jan,Wed,5,Present
EMP136,2025-01-30,Yes,10,0,None,Jan,Thu,5,Present
EMP137,2025-01-01,Yes,8,1,None,Jan,Wed,1,Present
EMP137,2025-01-02,Yes,8,2,None,Jan,Thu,1,Present
EMP137,2025-01-03,Yes,8,0,None,Jan,Fri,1,Present
EMP137,2025-01-04,Yes,10,0,None,Jan,Sat,1,Present
EMP137,2025-01-05,Yes,9,0,None,Jan,Sun,2,Present
EMP137,2025-01-06,Yes,9,0,None,Jan,Mon,2,Present
EMP137,2025-01-07,Yes,10,0,None,Jan,Tue,2,Present
EMP137,2025-01-08,No,0,0,Paid,Jan,Wed,2,Absent
EMP137,2025-01-09,Yes,9,2,None,Jan,Thu,2,Present
EMP137,2025-01-10,Yes,10,1,None,Jan,Fri,2,Present
EMP137,2025-01-11,Yes,8,0,None,Jan,Sat,2,Present
EMP137,2025-01-12,Yes,10,2,None,Jan,Sun,3,Present
EMP137,2025-01-13,Yes,8,2,None,Jan,Mon,3,Present
EMP137,2025-01-14,Yes,10,0,None,Jan,Tue,3,Present
EMP137,2025-01-15,Yes,10,1,None,Jan,Wed,3,Present
EMP137,2025-01-16,Yes,10,1,None,Jan,Thu,3,Present
EMP137,2025-01-17,Yes,9,2,None,Jan,Fri,3,Present
EMP137,2025-01-18,Yes,9,1,None,Jan,Sat,3,Present
EMP137,2025-01-19,Yes,8,1,None,Jan,Sun,4,Present
EMP137,2025-01-20,Yes,10,1,None,Jan,Mon,4,Present
EMP137,2025-01-21,Yes,9,0,None,Jan,Tue,4,Present
EMP137,2025-01-22,Yes,9,2,None,Jan,Wed,4,Present
EMP137,2025-01-23,Yes,9,2,None,Jan,Thu,4,Present
EMP137,2025-01-24,Yes,8,1,None,Jan,Fri,4,Present
EMP137,2025-01-25,No,0,0,Casual,Jan,Sat,4,Absent
EMP137,2025-01-26,Yes,9,2,None,Jan,Sun,5,Present
EMP137,2025-01-27,Yes,9,0,None,Jan,Mon,5,Present
EMP137,2025-01-28,Yes,8,1,None,Jan,Tue,5,Present
EMP137,2025-01-29,Yes,9,1,None,Jan,Wed,5,Present
EMP137,2025-01-30,Yes,8,2,None,Jan,Thu,5,Present
EMP138,2025-01-01,Yes,8,2,None,Jan,Wed,1,Present
EMP138,2025-01-02,Yes,8,2,None,Jan,Thu,1,Present
EMP138,2025-01-03,Yes,9,2,None,Jan,Fri,1,Present
EMP138,2025-01-04,Yes,8,1,None,Jan,Sat,1,Present
EMP138,2025-01-05,Yes,9,2,None,Jan,Sun,2,Present
EMP138,2025-01-06,Yes,10,0,None,Jan,Mon,2,Present
EMP138,2025-01-07,No,0,0,Casual,Jan,Tue,2,Absent
EMP138,2025-01-08,Yes,9,2,None,Jan,Wed,2,Present
EMP138,2025-01-09,Yes,8,0,None,Jan,Thu,2,Present
EMP138,2025-01-10,Yes,10,2,None,Jan,Fri,2,Present
EMP138,2025-01-11,Yes,8,1,None,Jan,Sat,2,Present
EMP138,2025-01-12,Yes,10,1,None,Jan,Sun,3,Present
EMP138,2025-01-13,Yes,9,2,None,Jan,Mon,3,Present
EMP138,2025-01-14,Yes,9,2,None,Jan,Tue,3,Present
EMP138,2025-01-15,Yes,10,2,None,Jan,Wed,3,Present
EMP138,2025-01-16,Yes,8,0,None,Jan,Thu,3,Present
EMP138,2025-01-17,Yes,8,1,None,Jan,Fri,3,Present
EMP138,2025-01-18,Yes,8,0,None,Jan,Sat,3,Present
EMP138,2025-01-19,Yes,8,0,None,Jan,Sun,4,Present
EMP138,2025-01-20,Yes,8,0,None,Jan,Mon,4,Present
EMP138,2025-01-21,Yes,9,0,None,Jan,Tue,4,Present
EMP138,2025-01-22,Yes,10,1,None,Jan,Wed,4,Present
EMP138,2025-01-23,Yes,10,1,None,Jan,Thu,4,Present
EMP138,2025-01-24,Yes,9,0,None,Jan,Fri,4,Present
EMP138,2025-01-25,Yes,9,2,None,Jan,Sat,4,Present
EMP138,2025-01-26,Yes,10,1,None,Jan,Sun,5,Present
EMP138,2025-01-27,Yes,10,1,None,Jan,Mon,5,Present
EMP138,2025-01-28,Yes,8,0,None,Jan,Tue,5,Present
EMP138,2025-01-29,Yes,10,0,None,Jan,Wed,5,Present
EMP138,2025-01-30,Yes,10,1,None,Jan,Thu,5,Present
EMP139,2025-01-01,Yes,9,1,None,Jan,Wed,1,Present
EMP139,2025-01-02,Yes,9,2,None,Jan,Thu,1,Present
EMP139,2025-01-03,Yes,8,0,None,Jan,Fri,1,Present
EMP139,2025-01-04,Yes,9,0,None,Jan,Sat,1,Present
EMP139,2025-01-05,Yes,8,0,None,Jan,Sun,2,Present
EMP139,2025-01-06,Yes,8,1,None,Jan,Mon,2,Present
EMP139,2025-01-07,Yes,8,2,None,Jan,Tue,2,Present
EMP139,2025-01-08,Yes,9,1,None,Jan,Wed,2,Present
EMP139,2025-01-09,Yes,10,1,None,Jan,Thu,2,Present
EMP139,2025-01-10,Yes,8,1,None,Jan,Fri,2,Present
EMP139,2025-01-11,Yes,8,1,None,Jan,Sat,2,Present
EMP139,2025-01-12,Yes,8,1,None,Jan,Sun,3,Present
EMP139,2025-01-13,Yes,9,2,None,Jan,Mon,3,Present
EMP139,2025-01-14,Yes,9,2,None,Jan,Tue,3,Present
EMP139,2025-01-15,Yes,9,2,None,Jan,Wed,3,Present
EMP139,2025-01-16,Yes,10,0,None,Jan,Thu,3,Present
EMP139,2025-01-17,No,0,0,Sick,Jan,Fri,3,Absent
EMP139,2025-01-18,Yes,8,1,None,Jan,Sat,3,Present
EMP139,2025-01-19,Yes,10,0,None,Jan,Sun,4,Present
EMP139,2025-01-20,Yes,10,2,None,Jan,Mon,4,Present
EMP139,2025-01-21,Yes,9,1,None,Jan,Tue,4,Present
EMP139,2025-01-22,Yes,10,2,None,Jan,Wed,4,Present
EMP139,2025-01-23,Yes,10,2,None,Jan,Thu,4,Present
EMP139,2025-01-24,Yes,9,0,None,Jan,Fri,4,Present
EMP139,2025-01-25,Yes,8,0,None,Jan,Sat,4,Present
EMP139,2025-01-26,Yes,10,0,None,Jan,Sun,5,Present
EMP139,2025-01-27,Yes,9,0,None,Jan,Mon,5,Present
EMP139,2025-01-28,Yes,8,0,None,Jan,Tue,5,Present
EMP139,2025-01-29,Yes,9,1,None,Jan,Wed,5,Present
EMP139,2025-01-30,Yes,9,1,None,Jan,Thu,5,Present
EMP140,2025-01-01,Yes,8,0,None,Jan,Wed,1,Present
EMP140,2025-01-02,Yes,9,1,None,Jan,Thu,1,Present
EMP140,2025-01-03,Yes,9,1,None,Jan,Fri,1,Present
EMP140,2025-01-04,Yes,9,2,None,Jan,Sat,1,Present
EMP140,2025-01-05,No,0,0,Paid,Jan,Sun,2,Absent
EMP140,2025-01-06,Yes,8,2,None,Jan,Mon,2,Present
EMP140,2025-01-07,Yes,10,0,None,Jan,Tue,2,Present
EMP140,2025-01-08,Yes,10,1,None,Jan,Wed,2,Present
EMP140,2025-01-09,Yes,9,2,None,Jan,Thu,2,Present
EMP140,2025-01-10,Yes,9,2,None,Jan,Fri,2,Present
EMP140,2025-01-11,Yes,8,1,None,Jan,Sat,2,Present
EMP140,2025-01-12,Yes,10,1,None,Jan,Sun,3,Present
EMP140,2025-01-13,Yes,8,2,None,Jan,Mon,3,Present
EMP140,2025-01-14,Yes,8,1,None,Jan,Tue,3,Present
EMP140,2025-01-15,Yes,10,0,None,Jan,Wed,3,Present
EMP140,2025-01-16,Yes,9,2,None,Jan,Thu,3,Present
EMP140,2025-01-17,Yes,10,1,None,Jan,Fri,3,Present
EMP140,2025-01-18,Yes,9,1,None,Jan,Sat,3,Present
EMP140,2025-01-19,Yes,8,2,None,Jan,Sun,4,Present
EMP140,2025-01-20,Yes,10,1,None,Jan,Mon,4,Present
EMP140,2025-01-21,Yes,9,0,None,Jan,Tue,4,Present
EMP140,2025-01-22,Yes,10,1,None,Jan,Wed,4,Present
EMP140,2025-01-23,Yes,8,2,None,Jan,Thu,4,Present
EMP140,2025-01-24,Yes,10,1,None,Jan,Fri,4,Present
EMP140,2025-01-25,Yes,10,1,None,Jan,Sat,4,Present
EMP140,2025-01-26,Yes,9,2,None,Jan,Sun,5,Present
EMP140,2025-01-27,Yes,10,0,None,Jan,Mon,5,Present
EMP140,2025-01-28,No,0,0,Sick,Jan,Tue,5,Absent
EMP140,2025-01-29,Yes,10,0,None,Jan,Wed,5,Present
EMP140,2025-01-30,Yes,8,0,None,Jan,Thu,5,Present
EMP141,2025-01-01,Yes,8,0,None,Jan,Wed,1,Present
EMP141,2025-01-02,Yes,10,0,None,Jan,Thu,1,Present
EMP141,2025-01-03,Yes,10,1,None,Jan,Fri,1,Present
EMP141,2025-01-04,Yes,8,2,None,Jan,Sat,1,Present
EMP141,2025-01-05,Yes,8,1,None,Jan,Sun,2,Present
EMP141,2025-01-06,Yes,9,2,None,Jan,Mon,2,Present
EMP141,2025-01-07,Yes,10,2,None,Jan,Tue,2,Present
EMP141,2025-01-08,Yes,10,0,None,Jan,Wed,2,Present
EMP141,2025-01-09,Yes,9,1,None,Jan,Thu,2,Present
EMP141,2025-01-10,Yes,10,0,None,Jan,Fri,2,Present
EMP141,2025-01-11,No,0,0,Paid,Jan,Sat,2,Absent
EMP141,2025-01-12,Yes,9,0,None,Jan,Sun,3,Present
EMP141,2025-01-13,Yes,8,1,None,Jan,Mon,3,Present
EMP141,2025-01-14,Yes,10,2,None,Jan,Tue,3,Present
EMP141,2025-01-15,Yes,10,2,None,Jan,Wed,3,Present
EMP141,2025-01-16,Yes,8,1,None,Jan,Thu,3,Present
EMP141,2025-01-17,Yes,9,0,None,Jan,Fri,3,Present
EMP141,2025-01-18,Yes,10,2,None,Jan,Sat,3,Present
EMP141,2025-01-19,Yes,9,0,None,Jan,Sun,4,Present
EMP141,2025-01-20,Yes,8,0,None,Jan,Mon,4,Present
EMP141,2025-01-21,Yes,8,1,None,Jan,Tue,4,Present
EMP141,2025-01-22,Yes,8,0,None,Jan,Wed,4,Present
EMP141,2025-01-23,Yes,8,2,None,Jan,Thu,4,Present
EMP141,2025-01-24,Yes,8,2,None,Jan,Fri,4,Present
EMP141,2025-01-25,Yes,9,2,None,Jan,Sat,4,Present
EMP141,2025-01-26,Yes,8,2,None,Jan,Sun,5,Present
EMP141,2025-01-27,Yes,8,1,None,Jan,Mon,5,Present
EMP141,2025-01-28,No,0,0,Paid,Jan,Tue,5,Absent
EMP141,2025-01-29,Yes,9,0,None,Jan,Wed,5,Present
EMP141,2025-01-30,Yes,9,0,None,Jan,Thu,5,Present
EMP142,2025-01-01,Yes,9,0,None,Jan,Wed,1,Present
EMP142,2025-01-02,Yes,9,1,None,Jan,Thu,1,Present
EMP142,2025-01-03,Yes,9,0,None,Jan,Fri,1,Present
EMP142,2025-01-04,Yes,10,1,None,Jan,Sat,1,Present
EMP142,2025-01-05,Yes,10,2,None,Jan,Sun,2,Present
EMP142,2025-01-06,Yes,10,2,None,Jan,Mon,2,Present
EMP142,2025-01-07,Yes,8,2,None,Jan,Tue,2,Present
EMP142,2025-01-08,Yes,10,2,None,Jan,Wed,2,Present
EMP142,2025-01-09,Yes,10,1,None,Jan,Thu,2,Present
EMP142,2025-01-10,Yes,10,1,None,Jan,Fri,2,Present
EMP142,2025-01-11,Yes,10,2,None,Jan,Sat,2,Present
EMP142,2025-01-12,Yes,10,1,None,Jan,Sun,3,Present
EMP142,2025-01-13,Yes,8,1,None,Jan,Mon,3,Present
EMP142,2025-01-14,Yes,9,0,None,Jan,Tue,3,Present
EMP142,2025-01-15,Yes,10,2,None,Jan,Wed,3,Present
EMP142,2025-01-16,Yes,9,0,None,Jan,Thu,3,Present
EMP142,2025-01-17,Yes,9,1,None,Jan,Fri,3,Present
EMP142,2025-01-18,Yes,10,2,None,Jan,Sat,3,Present
EMP142,2025-01-19,Yes,9,2,None,Jan,Sun,4,Present
EMP142,2025-01-20,Yes,9,0,None,Jan,Mon,4,Present
EMP142,2025-01-21,Yes,9,1,None,Jan,Tue,4,Present
EMP142,2025-01-22,Yes,8,0,None,Jan,Wed,4,Present
EMP142,2025-01-23,Yes,9,0,None,Jan,Thu,4,Present
EMP142,2025-01-24,Yes,8,0,None,Jan,Fri,4,Present
EMP142,2025-01-25,Yes,10,1,None,Jan,Sat,4,Present
EMP142,2025-01-26,Yes,10,1,None,Jan,Sun,5,Present
EMP142,2025-01-27,Yes,9,0,None,Jan,Mon,5,Present
EMP142,2025-01-28,Yes,9,2,None,Jan,Tue,5,Present
EMP142,2025-01-29,Yes,10,1,None,Jan,Wed,5,Present
EMP142,2025-01-30,Yes,8,2,None,Jan,Thu,5,Present
EMP143,2025-01-01,Yes,9,1,None,Jan,Wed,1,Present
EMP143,2025-01-02,Yes,9,2,None,Jan,Thu,1,Present
EMP143,2025-01-03,No,0,0,Paid,Jan,Fri,1,Absent
EMP143,2025-01-04,Yes,9,2,None,Jan,Sat,1,Present
EMP143,2025-01-05,Yes,10,0,None,Jan,Sun,2,Present
EMP143,2025-01-06,Yes,10,0,None,Jan,Mon,2,Present
EMP143,2025-01-07,Yes,9,0,None,Jan,Tue,2,Present
EMP143,2025-01-08,Yes,9,0,None,Jan,Wed,2,Present
EMP143,2025-01-09,Yes,9,1,None,Jan,Thu,2,Present
EMP143,2025-01-10,Yes,8,2,None,Jan,Fri,2,Present
EMP143,2025-01-11,Yes,8,1,None,Jan,Sat,2,Present
EMP143,2025-01-12,Yes,8,0,None,Jan,Sun,3,Present
EMP143,2025-01-13,Yes,9,0,None,Jan,Mon,3,Present
EMP143,2025-01-14,Yes,8,2,None,Jan,Tue,3,Present
EMP143,2025-01-15,Yes,9,0,None,Jan,Wed,3,Present
EMP143,2025-01-16,Yes,9,0,None,Jan,Thu,3,Present
EMP143,2025-01-17,Yes,10,1,None,Jan,Fri,3,Present
EMP143,2025-01-18,Yes,9,2,None,Jan,Sat,3,Present
EMP143,2025-01-19,Yes,9,2,None,Jan,Sun,4,Present
EMP143,2025-01-20,Yes,8,1,None,Jan,Mon,4,Present
EMP143,2025-01-21,Yes,8,1,None,Jan,Tue,4,Present
EMP143,2025-01-22,Yes,9,2,None,Jan,Wed,4,Present
EMP143,2025-01-23,Yes,9,2,None,Jan,Thu,4,Present
EMP143,2025-01-24,Yes,8,1,None,Jan,Fri,4,Present
EMP143,2025-01-25,Yes,10,2,None,Jan,Sat,4,Present
EMP143,2025-01-26,No,0,0,Paid,Jan,Sun,5,Absent
EMP143,2025-01-27,Yes,8,1,None,Jan,Mon,5,Present
EMP143,2025-01-28,Yes,10,0,None,Jan,Tue,5,Present
EMP143,2025-01-29,Yes,9,0,None,Jan,Wed,5,Present
EMP143,2025-01-30,Yes,8,1,None,Jan,Thu,5,Present
EMP144,2025-01-01,Yes,8,1,None,Jan,Wed,1,Present
EMP144,2025-01-02,Yes,9,1,None,Jan,Thu,1,Present
EMP144,2025-01-03,Yes,9,0,None,Jan,Fri,1,Present
EMP144,2025-01-04,Yes,9,2,None,Jan,Sat,1,Present
EMP144,2025-01-05,Yes,8,1,None,Jan,Sun,2,Present
EMP144,2025-01-06,Yes,9,0,None,Jan,Mon,2,Present
EMP144,2025-01-07,Yes,10,2,None,Jan,Tue,2,Present
EMP144,2025-01-08,Yes,9,0,None,Jan,Wed,2,Present
EMP144,2025-01-09,Yes,10,0,None,Jan,Thu,2,Present
EMP144,2025-01-10,Yes,9,0,None,Jan,Fri,2,Present
EMP144,2025-01-11,Yes,8,2,None,Jan,Sat,2,Present
EMP144,2025-01-12,Yes,10,1,None,Jan,Sun,3,Present
EMP144,2025-01-13,No,0,0,Paid,Jan,Mon,3,Absent
EMP144,2025-01-14,Yes,9,1,None,Jan,Tue,3,Present
EMP144,2025-01-15,Yes,9,1,None,Jan,Wed,3,Present
EMP144,2025-01-16,Yes,10,0,None,Jan,Thu,3,Present
EMP144,2025-01-17,Yes,9,2,None,Jan,Fri,3,Present
EMP144,2025-01-18,Yes,9,2,None,Jan,Sat,3,Present
EMP144,2025-01-19,Yes,10,1,None,Jan,Sun,4,Present
EMP144,2025-01-20,Yes,8,1,None,Jan,Mon,4,Present
EMP144,2025-01-21,Yes,9,2,None,Jan,Tue,4,Present
EMP144,2025-01-22,Yes,8,1,None,Jan,Wed,4,Present
EMP144,2025-01-23,Yes,10,2,None,Jan,Thu,4,Present
EMP144,2025-01-24,Yes,10,2,None,Jan,Fri,4,Present
EMP144,2025-01-25,Yes,9,1,None,Jan,Sat,4,Present
EMP144,2025-01-26,No,0,0,Casual,Jan,Sun,5,Absent
EMP144,2025-01-27,No,0,0,Casual,Jan,Mon,5,Absent
EMP144,2025-01-28,Yes,8,2,None,Jan,Tue,5,Present
EMP144,2025-01-29,Yes,9,1,None,Jan,Wed,5,Present
EMP144,2025-01-30,Yes,9,0,None,Jan,Thu,5,Present
EMP145,2025-01-01,Yes,8,1,None,Jan,Wed,1,Present
EMP145,2025-01-02,Yes,8,1,None,Jan,Thu,1,Present
EMP145,2025-01-03,Yes,10,0,None,Jan,Fri,1,Present
EMP145,2025-01-04,Yes,9,2,None,Jan,Sat,1,Present
EMP145,2025-01-05,No,0,0,Paid,Jan,Sun,2,Absent
EMP145,2025-01-06,Yes,8,0,None,Jan,Mon,2,Present
EMP145,2025-01-07,Yes,8,2,None,Jan,Tue,2,Present
EMP145,2025-01-08,Yes,9,1,None,Jan,Wed,2,Present
EMP145,2025-01-09,Yes,9,1,None,Jan,Thu,2,Present
EMP145,2025-01-10,Yes,8,2,None,Jan,Fri,2,Present
EMP145,2025-01-11,Yes,10,1,None,Jan,Sat,2,Present
EMP145,2025-01-12,No,0,0,Casual,Jan,Sun,3,Absent
EMP145,2025-01-13,Yes,8,2,None,Jan,Mon,3,Present
EMP145,2025-01-14,Yes,10,0,None,Jan,Tue,3,Present
EMP145,2025-01-15,Yes,10,0,None,Jan,Wed,3,Present
EMP145,2025-01-16,Yes,10,2,None,Jan,Thu,3,Present
EMP145,2025-01-17,Yes,9,0,None,Jan,Fri,3,Present
EMP145,2025-01-18,Yes,10,1,None,Jan,Sat,3,Present
EMP145,2025-01-19,Yes,10,0,None,Jan,Sun,4,Present
EMP145,2025-01-20,Yes,9,0,None,Jan,Mon,4,Present
EMP145,2025-01-21,Yes,10,1,None,Jan,Tue,4,Present
EMP145,2025-01-22,Yes,10,2,None,Jan,Wed,4,Present
EMP145,2025-01-23,Yes,8,2,None,Jan,Thu,4,Present
EMP145,2025-01-24,Yes,9,2,None,Jan,Fri,4,Present
EMP145,2025-01-25,Yes,9,1,None,Jan,Sat,4,Present
EMP145,2025-01-26,Yes,8,1,None,Jan,Sun,5,Present
EMP145,2025-01-27,Yes,8,2,None,Jan,Mon,5,Present
EMP145,2025-01-28,Yes,8,2,None,Jan,Tue,5,Present
EMP145,2025-01-29,Yes,8,1,None,Jan,Wed,5,Present
EMP145,2025-01-30,Yes,9,2,None,Jan,Thu,5,Present
EMP146,2025-01-01,Yes,9,1,None,Jan,Wed,1,Present
EMP146,2025-01-02,Yes,10,1,None,Jan,Thu,1,Present
EMP146,2025-01-03,Yes,8,0,None,Jan,Fri,1,Present
EMP146,2025-01-04,Yes,8,0,None,Jan,Sat,1,Present
EMP146,2025-01-05,Yes,10,2,None,Jan,Sun,2,Present
EMP146,2025-01-06,Yes,9,2,None,Jan,Mon,2,Present
EMP146,2025-01-07,Yes,10,1,None,Jan,Tue,2,Present
EMP146,2025-01-08,Yes,9,2,None,Jan,Wed,2,Present
EMP146,2025-01-09,No,0,0,Casual,Jan,Thu,2,Absent
EMP146,2025-01-10,Yes,9,0,None,Jan,Fri,2,Present
EMP146,2025-01-11,Yes,10,1,None,Jan,Sat,2,Present
EMP146,2025-01-12,Yes,10,0,None,Jan,Sun,3,Present
EMP146,2025-01-13,Yes,9,1,None,Jan,Mon,3,Present
EMP146,2025-01-14,No,0,0,Paid,Jan,Tue,3,Absent
EMP146,2025-01-15,Yes,10,1,None,Jan,Wed,3,Present
EMP146,2025-01-16,Yes,9,0,None,Jan,Thu,3,Present
EMP146,2025-01-17,Yes,10,1,None,Jan,Fri,3,Present
EMP146,2025-01-18,Yes,9,1,None,Jan,Sat,3,Present
EMP146,2025-01-19,Yes,8,0,None,Jan,Sun,4,Present
EMP146,2025-01-20,Yes,8,2,None,Jan,Mon,4,Present
EMP146,2025-01-21,Yes,9,1,None,Jan,Tue,4,Present
EMP146,2025-01-22,Yes,8,1,None,Jan,Wed,4,Present
EMP146,2025-01-23,Yes,9,0,None,Jan,Thu,4,Present
EMP146,2025-01-24,Yes,10,0,None,Jan,Fri,4,Present
EMP146,2025-01-25,Yes,8,0,None,Jan,Sat,4,Present
EMP146,2025-01-26,Yes,8,0,None,Jan,Sun,5,Present
EMP146,2025-01-27,Yes,8,0,None,Jan,Mon,5,Present
EMP146,2025-01-28,Yes,10,1,None,Jan,Tue,5,Present
EMP146,2025-01-29,Yes,9,0,None,Jan,Wed,5,Present
EMP146,2025-01-30,Yes,10,1,None,Jan,Thu,5,Present
EMP147,2025-01-01,Yes,9,2,None,Jan,Wed,1,Present
EMP147,2025-01-02,Yes,10,2,None,Jan,Thu,1,Present
EMP147,2025-01-03,Yes,9,2,None,Jan,Fri,1,Present
EMP147,2025-01-04,Yes,9,0,None,Jan,Sat,1,Present
EMP147,2025-01-05,Yes,9,1,None,Jan,Sun,2,Present
EMP147,2025-01-06,Yes,9,0,None,Jan,Mon,2,Present
EMP147,2025-01-07,Yes,8,1,None,Jan,Tue,2,Present
EMP147,2025-01-08,Yes,10,1,None,Jan,Wed,2,Present
EMP147,2025-01-09,Yes,10,0,None,Jan,Thu,2,Present
EMP147,2025-01-10,Yes,8,1,None,Jan,Fri,2,Present
EMP147,2025-01-11,Yes,9,1,None,Jan,Sat,2,Present
EMP147,2025-01-12,Yes,10,0,None,Jan,Sun,3,Present
EMP147,2025-01-13,Yes,8,2,None,Jan,Mon,3,Present
EMP147,2025-01-14,Yes,8,2,None,Jan,Tue,3,Present
EMP147,2025-01-15,Yes,9,0,None,Jan,Wed,3,Present
EMP147,2025-01-16,Yes,8,0,None,Jan,Thu,3,Present
EMP147,2025-01-17,Yes,9,2,None,Jan,Fri,3,Present
EMP147,2025-01-18,Yes,9,0,None,Jan,Sat,3,Present
EMP147,2025-01-19,Yes,10,1,None,Jan,Sun,4,Present
EMP147,2025-01-20,Yes,8,0,None,Jan,Mon,4,Present
EMP147,2025-01-21,Yes,10,0,None,Jan,Tue,4,Present
EMP147,2025-01-22,Yes,10,0,None,Jan,Wed,4,Present
EMP147,2025-01-23,Yes,9,0,None,Jan,Thu,4,Present
EMP147,2025-01-24,Yes,8,2,None,Jan,Fri,4,Present
EMP147,2025-01-25,Yes,8,2,None,Jan,Sat,4,Present
EMP147,2025-01-26,Yes,8,0,None,Jan,Sun,5,Present
EMP147,2025-01-27,Yes,10,2,None,Jan,Mon,5,Present
EMP147,2025-01-28,Yes,10,1,None,Jan,Tue,5,Present
EMP147,2025-01-29,Yes,8,0,None,Jan,Wed,5,Present
EMP147,2025-01-30,Yes,8,0,None,Jan,Thu,5,Present
EMP148,2025-01-01,Yes,10,2,None,Jan,Wed,1,Present
EMP148,2025-01-02,Yes,10,1,None,Jan,Thu,1,Present
EMP148,2025-01-03,Yes,8,1,None,Jan,Fri,1,Present
EMP148,2025-01-04,Yes,10,2,None,Jan,Sat,1,Present
EMP148,2025-01-05,Yes,10,2,None,Jan,Sun,2,Present
EMP148,2025-01-06,Yes,10,0,None,Jan,Mon,2,Present
EMP148,2025-01-07,Yes,10,0,None,Jan,Tue,2,Present
EMP148,2025-01-08,Yes,9,2,None,Jan,Wed,2,Present
EMP148,2025-01-09,Yes,9,1,None,Jan,Thu,2,Present
EMP148,2025-01-10,Yes,10,2,None,Jan,Fri,2,Present
EMP148,2025-01-11,Yes,9,0,None,Jan,Sat,2,Present
EMP148,2025-01-12,Yes,9,2,None,Jan,Sun,3,Present
EMP148,2025-01-13,Yes,8,2,None,Jan,Mon,3,Present
EMP148,2025-01-14,Yes,9,2,None,Jan,Tue,3,Present
EMP148,2025-01-15,Yes,8,1,None,Jan,Wed,3,Present
EMP148,2025-01-16,Yes,8,1,None,Jan,Thu,3,Present
EMP148,2025-01-17,Yes,8,1,None,Jan,Fri,3,Present
EMP148,2025-01-18,Yes,9,0,None,Jan,Sat,3,Present
EMP148,2025-01-19,Yes,9,1,None,Jan,Sun,4,Present
EMP148,2025-01-20,Yes,9,1,None,Jan,Mon,4,Present
EMP148,2025-01-21,Yes,10,1,None,Jan,Tue,4,Present
EMP148,2025-01-22,Yes,8,0,None,Jan,Wed,4,Present
EMP148,2025-01-23,Yes,8,0,None,Jan,Thu,4,Present
EMP148,2025-01-24,Yes,10,1,None,Jan,Fri,4,Present
EMP148,2025-01-25,Yes,9,2,None,Jan,Sat,4,Present
EMP148,2025-01-26,Yes,10,1,None,Jan,Sun,5,Present
EMP148,2025-01-27,Yes,9,2,None,Jan,Mon,5,Present
EMP148,2025-01-28,Yes,10,2,None,Jan,Tue,5,Present
EMP148,2025-01-29,Yes,10,1,None,Jan,Wed,5,Present
EMP148,2025-01-30,Yes,9,2,None,Jan,Thu,5,Present
EMP149,2025-01-01,Yes,8,2,None,Jan,Wed,1,Present
EMP149,2025-01-02,Yes,10,0,None,Jan,Thu,1,Present
EMP149,2025-01-03,Yes,10,2,None,Jan,Fri,1,Present
EMP149,2025-01-04,Yes,10,1,None,Jan,Sat,1,Present
EMP149,2025-01-05,Yes,8,1,None,Jan,Sun,2,Present
EMP149,2025-01-06,Yes,10,2,None,Jan,Mon,2,Present
EMP149,2025-01-07,Yes,9,1,None,Jan,Tue,2,Present
EMP149,2025-01-08,Yes,9,2,None,Jan,Wed,2,Present
EMP149,2025-01-09,Yes,10,1,None,Jan,Thu,2,Present
EMP149,2025-01-10,Yes,9,0,None,Jan,Fri,2,Present
EMP149,2025-01-11,Yes,8,1,None,Jan,Sat,2,Present
EMP149,2025-01-12,Yes,8,0,None,Jan,Sun,3,Present
EMP149,2025-01-13,Yes,10,2,None,Jan,Mon,3,Present
EMP149,2025-01-14,Yes,10,0,None,Jan,Tue,3,Present
EMP149,2025-01-15,Yes,9,2,None,Jan,Wed,3,Present
EMP149,2025-01-16,Yes,8,2,None,Jan,Thu,3,Present
EMP149,2025-01-17,Yes,10,0,None,Jan,Fri,3,Present
EMP149,2025-01-18,Yes,9,2,None,Jan,Sat,3,Present
EMP149,2025-01-19,No,0,0,Paid,Jan,Sun,4,Absent
EMP149,2025-01-20,Yes,9,2,None,Jan,Mon,4,Present
EMP149,2025-01-21,No,0,0,Paid,Jan,Tue,4,Absent
EMP149,2025-01-22,Yes,10,2,None,Jan,Wed,4,Present
EMP149,2025-01-23,Yes,8,1,None,Jan,Thu,4,Present
EMP149,2025-01-24,Yes,8,0,None,Jan,Fri,4,Present
EMP149,2025-01-25,Yes,10,0,None,Jan,Sat,4,Present
EMP149,2025-01-26,Yes,10,0,None,Jan,Sun,5,Present
EMP149,2025-01-27,Yes,10,1,None,Jan,Mon,5,Present
EMP149,2025-01-28,Yes,10,1,None,Jan,Tue,5,Present
EMP149,2025-01-29,Yes,8,2,None,Jan,Wed,5,Present
EMP149,2025-01-30,Yes,8,0,None,Jan,Thu,5,Present
EMP150,2025-01-01,Yes,8,0,None,Jan,Wed,1,Present
EMP150,2025-01-02,Yes,10,2,None,Jan,Thu,1,Present
EMP150,2025-01-03,Yes,8,2,None,Jan,Fri,1,Present
EMP150,2025-01-04,Yes,8,1,None,Jan,Sat,1,Present
EMP150,2025-01-05,Yes,8,0,None,Jan,Sun,2,Present
EMP150,2025-01-06,Yes,9,0,None,Jan,Mon,2,Present
EMP150,2025-01-07,Yes,8,2,None,Jan,Tue,2,Present
EMP150,2025-01-08,Yes,10,1,None,Jan,Wed,2,Present
EMP150,2025-01-09,Yes,8,2,None,Jan,Thu,2,Present
EMP150,2025-01-10,Yes,8,2,None,Jan,Fri,2,Present
EMP150,2025-01-11,Yes,10,0,None,Jan,Sat,2,Present
EMP150,2025-01-12,Yes,10,2,None,Jan,Sun,3,Present
EMP150,2025-01-13,Yes,8,1,None,Jan,Mon,3,Present
EMP150,2025-01-14,Yes,10,1,None,Jan,Tue,3,Present
EMP150,2025-01-15,Yes,8,1,None,Jan,Wed,3,Present
EMP150,2025-01-16,Yes,10,1,None,Jan,Thu,3,Present
EMP150,2025-01-17,Yes,9,1,None,Jan,Fri,3,Present
EMP150,2025-01-18,Yes,8,1,None,Jan,Sat,3,Present
EMP150,2025-01-19,Yes,10,2,None,Jan,Sun,4,Present
EMP150,2025-01-20,Yes,9,0,None,Jan,Mon,4,Present
EMP150,2025-01-21,Yes,8,1,None,Jan,Tue,4,Present
EMP150,2025-01-22,No,0,0,Paid,Jan,Wed,4,Absent
EMP150,2025-01-23,Yes,8,0,None,Jan,Thu,4,Present
EMP150,2025-01-24,No,0,0,Casual,Jan,Fri,4,Absent
EMP150,2025-01-25,Yes,8,1,None,Jan,Sat,4,Present
EMP150,2025-01-26,Yes,10,2,None,Jan,Sun,5,Present
EMP150,2025-01-27,Yes,8,0,None,Jan,Mon,5,Present
EMP150,2025-01-28,Yes,8,1,None,Jan,Tue,5,Present
EMP150,2025-01-29,Yes,9,2,None,Jan,Wed,5,Present
EMP150,2025-01-30,Yes,10,1,None,Jan,Thu,5,Present
